-1.2003,2.39983,2.51045e-06,1.57,-0.867795,-2.20429,-0.0346946,1.6315,-1.07159e-05,0,-1.0011
-1.20296,2.39831,2.51098e-05,1.57002,-0.867747,-2.20422,-0.0346461,1.6315,-0.000107159,0,-1.011
-1.20565,2.3968,5.00488e-05,1.57004,-0.867695,-2.20414,-0.034593,1.63149,-0.000212786,0,-1.0209
-1.20837,2.39531,7.70694e-05,1.57006,-0.867638,-2.20405,-0.0345358,1.63148,-0.000326578,0,-1.0308
-1.21111,2.39383,0.000106173,1.57008,-0.867578,-2.20396,-0.0344745,1.63148,-0.000448535,0,-1.0407
-1.21388,2.39237,0.000137362,1.5701,-0.867514,-2.20386,-0.034409,1.63147,-0.000578656,0,-1.0506
-1.21667,2.39093,0.000170637,1.57012,-0.867445,-2.20375,-0.0343395,1.63147,-0.000716942,0,-1.0605
-1.21948,2.3895,0.000206,1.57015,-0.867373,-2.20364,-0.0342659,1.63146,-0.000863392,0,-1.0704
-1.22232,2.3881,0.000243453,1.57018,-0.867296,-2.20352,-0.0341881,1.63145,-0.00101801,0,-1.0803
-1.22517,2.38672,0.000282996,1.5702,-0.867216,-2.2034,-0.0341063,1.63145,-0.00118079,0,-1.0902
-1.22805,2.38536,0.000324632,1.57023,-0.867131,-2.20327,-0.0340203,1.63144,-0.00135173,0,-1.1001
-1.23095,2.38402,0.000368362,1.57026,-0.867043,-2.20313,-0.0339302,1.63143,-0.00153084,0,-1.11
-1.23387,2.38272,0.000414448,1.5703,-0.86695,-2.20299,-0.0338356,1.63142,-0.00171913,0,-1.1199
-1.23651,2.38114,0.000462079,1.57033,-0.866852,-2.20284,-0.0337368,1.63141,-0.00191559,0,-1.1298
-1.23914,2.37955,0.000511722,1.57036,-0.866751,-2.20268,-0.0336339,1.6314,-0.00212021,0,-1.1397
-1.2418,2.37797,0.000563448,1.5704,-0.866646,-2.20252,-0.0335269,1.63139,-0.00233299,0,-1.1496
-1.24448,2.3764,0.000617256,1.57044,-0.866537,-2.20235,-0.0334158,1.63138,-0.00255395,0,-1.1595
-1.24718,2.37485,0.00067315,1.57048,-0.866423,-2.20217,-0.0333006,1.63137,-0.00278306,0,-1.1694
-1.24991,2.37332,0.00073113,1.57052,-0.866306,-2.20199,-0.0331812,1.63136,-0.00302034,0,-1.1793
-1.25266,2.37181,0.000791198,1.57056,-0.866184,-2.2018,-0.0330578,1.63135,-0.00326578,0,-1.1892
-1.25543,2.37031,0.000853356,1.57061,-0.866059,-2.20161,-0.0329303,1.63134,-0.00351939,0,-1.1991
-1.25822,2.36884,0.000917604,1.57065,-0.865929,-2.20141,-0.0327987,1.63133,-0.00378117,0,-1.209
-1.26103,2.36739,0.000984186,1.5707,-0.865795,-2.2012,-0.0326624,1.63131,-0.00405212,0,-1.2189
-1.26386,2.36596,0.00105286,1.57075,-0.865657,-2.20099,-0.0325221,1.6313,-0.00433125,0,-1.2288
-1.26671,2.36455,0.00112363,1.57079,-0.865515,-2.20077,-0.0323776,1.63129,-0.00461853,0,-1.2387
-1.26958,2.36317,0.0011965,1.57085,-0.865369,-2.20054,-0.032229,1.63127,-0.00491398,0,-1.2486
-1.27246,2.36181,0.00127146,1.5709,-0.865219,-2.20031,-0.0320764,1.63126,-0.0052176,0,-1.2585
-1.27537,2.36048,0.00134852,1.57095,-0.865065,-2.20007,-0.0319196,1.63125,-0.00552938,0,-1.2684
-1.27829,2.35918,0.00142768,1.57101,-0.864906,-2.19983,-0.0317587,1.63123,-0.00584933,0,-1.2783
-1.28123,2.35792,0.00150894,1.57106,-0.864744,-2.19958,-0.0315937,1.63122,-0.00617743,0,-1.2882
-1.28419,2.35668,0.0015923,1.57112,-0.864578,-2.19932,-0.0314246,1.6312,-0.00651371,0,-1.2981
-1.28716,2.35548,0.00167776,1.57118,-0.864407,-2.19906,-0.0312514,1.63118,-0.00685815,0,-1.308
-1.29015,2.35431,0.00176559,1.57124,-0.864232,-2.19879,-0.0310736,1.63117,-0.00721177,0,-1.3179
-1.29314,2.35317,0.00185551,1.5713,-0.864053,-2.19851,-0.0308917,1.63115,-0.00757356,0,-1.3278
-1.29616,2.35206,0.00194752,1.57137,-0.86387,-2.19823,-0.0307057,1.63113,-0.00794351,0,-1.3377
-1.29918,2.351,0.00204164,1.57143,-0.863683,-2.19794,-0.0305155,1.63112,-0.00832163,0,-1.3476
-1.30221,2.34996,0.00213787,1.5715,-0.863492,-2.19764,-0.0303213,1.6311,-0.00870791,0,-1.3575
-1.30526,2.34897,0.0022362,1.57157,-0.863297,-2.19734,-0.030123,1.63108,-0.00910235,0,-1.3674
-1.30831,2.34802,0.00233663,1.57163,-0.863098,-2.19703,-0.0299205,1.63106,-0.00950496,0,-1.3773
-1.31138,2.34711,0.00243916,1.57171,-0.862895,-2.19672,-0.029714,1.63104,-0.00991574,0,-1.3872
-1.31445,2.34624,0.0025438,1.57178,-0.862687,-2.1964,-0.0295033,1.63102,-0.0103347,0,-1.3971
-1.31753,2.34541,0.00265054,1.57185,-0.862476,-2.19607,-0.0292885,1.631,-0.0107618,0,-1.407
-1.32062,2.34463,0.00275965,1.57193,-0.86226,-2.19574,-0.0290691,1.63098,-0.0111981,0,-1.4169
-1.32371,2.3439,0.00287086,1.572,-0.86204,-2.1954,-0.0288457,1.63096,-0.0116425,0,-1.4268
-1.3268,2.34321,0.00298417,1.57208,-0.861817,-2.19505,-0.0286181,1.63094,-0.0120951,0,-1.4367
-1.3299,2.34257,0.00309959,1.57216,-0.861589,-2.1947,-0.0283864,1.63092,-0.0125559,0,-1.4466
-1.33301,2.34198,0.00321711,1.57224,-0.861357,-2.19434,-0.0281506,1.6309,-0.0130249,0,-1.4565
-1.33611,2.34144,0.00333673,1.57232,-0.861121,-2.19398,-0.0279106,1.63088,-0.013502,0,-1.4664
-1.33921,2.34095,0.00345845,1.57241,-0.860881,-2.1936,-0.0276666,1.63086,-0.0139873,0,-1.4763
-1.34231,2.34051,0.00358226,1.57249,-0.860636,-2.19323,-0.0274185,1.63083,-0.0144807,0,-1.4862
-1.34541,2.34012,0.00370816,1.57258,-0.860388,-2.19284,-0.0271663,1.63081,-0.0149823,0,-1.4961
-1.3485,2.33978,0.00383616,1.57266,-0.860136,-2.19245,-0.02691,1.63079,-0.0154921,0,-1.506
-1.35159,2.3395,0.00396652,1.57275,-0.859879,-2.19206,-0.026649,1.63076,-0.016011,0,-1.5159
-1.35467,2.33927,0.00409896,1.57284,-0.859619,-2.19165,-0.0263839,1.63074,-0.0165381,0,-1.5258
-1.35774,2.33909,0.00423349,1.57294,-0.859354,-2.19124,-0.0261148,1.63071,-0.0170734,0,-1.5357
-1.36081,2.33897,0.0043701,1.57303,-0.859085,-2.19083,-0.0258415,1.63069,-0.0176169,0,-1.5456
-1.36387,2.33889,0.00450879,1.57313,-0.858812,-2.19041,-0.0255641,1.63066,-0.0181685,0,-1.5555
-1.36691,2.33886,0.00464956,1.57322,-0.858535,-2.18998,-0.0252827,1.63064,-0.0187283,0,-1.5654
-1.36994,2.33889,0.0047924,1.57332,-0.858254,-2.18955,-0.0249971,1.63061,-0.0192962,0,-1.5753
-1.37296,2.33897,0.00493732,1.57342,-0.857969,-2.1891,-0.0247074,1.63059,-0.0198723,0,-1.5852
-1.37597,2.33911,0.00508432,1.57352,-0.85768,-2.18866,-0.0244136,1.63056,-0.0204566,0,-1.5951
-1.37896,2.3393,0.00523338,1.57362,-0.857387,-2.18821,-0.0241157,1.63053,-0.021049,0,-1.605
-1.38192,2.33956,0.00538477,1.57372,-0.857089,-2.18775,-0.0238132,1.6305,-0.0216506,0,-1.6149
-1.38487,2.33987,0.00553822,1.57383,-0.856788,-2.18728,-0.0235066,1.63048,-0.0222604,0,-1.6248
-1.3878,2.34024,0.00569374,1.57394,-0.856482,-2.18681,-0.0231958,1.63045,-0.0228783,0,-1.6347
-1.39071,2.34066,0.00585131,1.57404,-0.856172,-2.18633,-0.022881,1.63042,-0.0235045,0,-1.6446
-1.39359,2.34115,0.00601093,1.57415,-0.855859,-2.18584,-0.0225621,1.63039,-0.0241387,0,-1.6545
-1.39644,2.34169,0.00617261,1.57426,-0.855541,-2.18535,-0.022239,1.63036,-0.0247812,0,-1.6644
-1.39927,2.3423,0.00633633,1.57437,-0.855219,-2.18485,-0.0219119,1.63033,-0.0254318,0,-1.6743
-1.40207,2.34296,0.0065021,1.57449,-0.854893,-2.18435,-0.0215806,1.6303,-0.0260906,0,-1.6842
-1.40484,2.34368,0.0066699,1.5746,-0.854563,-2.18384,-0.0212453,1.63027,-0.0267575,0,-1.6941
-1.40758,2.34446,0.00683974,1.57472,-0.854229,-2.18332,-0.0209058,1.63024,-0.0274326,0,-1.704
-1.41029,2.3453,0.00701187,1.57484,-0.853891,-2.1828,-0.0205617,1.63021,-0.0281169,0,-1.7139
-1.41295,2.3462,0.00718603,1.57496,-0.853548,-2.18227,-0.0202135,1.63017,-0.0288093,0,-1.7238
-1.41559,2.34715,0.0073622,1.57508,-0.853201,-2.18174,-0.0198612,1.63014,-0.0295099,0,-1.7337
-1.41819,2.34816,0.0075404,1.5752,-0.852851,-2.18119,-0.0195048,1.63011,-0.0302187,0,-1.7436
-1.42074,2.34923,0.00772062,1.57532,-0.852496,-2.18065,-0.0191443,1.63008,-0.0309357,0,-1.7535
-1.42326,2.35035,0.00790284,1.57545,-0.852137,-2.18009,-0.0187797,1.63004,-0.0316608,0,-1.7634
-1.42574,2.35153,0.00808708,1.57557,-0.851775,-2.17953,-0.018411,1.63001,-0.032394,0,-1.7733
-1.42818,2.35276,0.00827332,1.5757,-0.851408,-2.17896,-0.0180382,1.62997,-0.0331355,0,-1.7832
-1.43057,2.35404,0.00846156,1.57583,-0.851037,-2.17839,-0.0176613,1.62994,-0.0338851,0,-1.7931
-1.43291,2.35538,0.0086518,1.57596,-0.850662,-2.17781,-0.0172802,1.62991,-0.0346428,0,-1.803
-1.43521,2.35678,0.00884428,1.57609,-0.850283,-2.17722,-0.0168946,1.62987,-0.0354098,0,-1.8129
-1.43745,2.35823,0.00903875,1.57622,-0.849899,-2.17663,-0.0165048,1.62983,-0.0361849,0,-1.8228
-1.43964,2.35973,0.0092352,1.57636,-0.849512,-2.17603,-0.016111,1.6298,-0.0369682,0,-1.8327
-1.44179,2.36128,0.00943364,1.5765,-0.84912,-2.17543,-0.015713,1.62976,-0.0377596,0,-1.8426
-1.44388,2.36288,0.00963406,1.57663,-0.848725,-2.17482,-0.0153109,1.62972,-0.0385592,0,-1.8525
-1.44592,2.36453,0.00983645,1.57677,-0.848325,-2.1742,-0.0149048,1.62969,-0.039367,0,-1.8624
-1.44789,2.36623,0.0100408,1.57691,-0.847921,-2.17357,-0.0144945,1.62965,-0.0401829,0,-1.8723
-1.44981,2.36797,0.0102471,1.57705,-0.847514,-2.17294,-0.0140801,1.62961,-0.0410071,0,-1.8822
-1.45167,2.36977,0.0104554,1.5772,-0.847102,-2.17231,-0.0136615,1.62957,-0.0418394,0,-1.8921
-1.45348,2.37161,0.0106657,1.57734,-0.846686,-2.17167,-0.0132389,1.62954,-0.0426799,0,-1.902
-1.45521,2.3735,0.0108781,1.57749,-0.846266,-2.17102,-0.0128117,1.6295,-0.0435295,0,-1.9119
-1.45688,2.37543,0.0110926,1.57764,-0.845842,-2.17036,-0.0123803,1.62946,-0.0443874,0,-1.9218
-1.45849,2.3774,0.0113089,1.57779,-0.845413,-2.1697,-0.0119448,1.62942,-0.0452533,0,-1.9317
-1.46004,2.37941,0.0115272,1.57794,-0.844981,-2.16903,-0.0115053,1.62938,-0.0461275,0,-1.9416
-1.46152,2.38146,0.0117475,1.57809,-0.844544,-2.16836,-0.0110616,1.62934,-0.0470098,0,-1.9515
-1.46293,2.38355,0.0119698,1.57824,-0.844104,-2.16768,-0.0106138,1.6293,-0.0479003,0,-1.9614
-1.46428,2.38567,0.0121939,1.5784,-0.843659,-2.16699,-0.010162,1.62926,-0.0487989,0,-1.9713
-1.46557,2.38783,0.0124201,1.57855,-0.843211,-2.1663,-0.00970598,1.62921,-0.0497057,0,-1.9812
-1.46679,2.39001,0.0126481,1.57871,-0.842758,-2.1656,-0.00924589,1.62917,-0.0506207,0,-1.9911
-1.46795,2.39222,0.0128782,1.57887,-0.842301,-2.16489,-0.0087817,1.62913,-0.0515439,0,-2.001
-1.46903,2.39447,0.0131104,1.57903,-0.84184,-2.16418,-0.00831289,1.62909,-0.0524762,0,-2.0109
-1.47004,2.39675,0.0133446,1.57919,-0.841375,-2.16346,-0.00783997,1.62904,-0.0534167,0,-2.0208
-1.47097,2.39905,0.0135807,1.57935,-0.840905,-2.16273,-0.00736295,1.629,-0.0543653,0,-2.0307
-1.47184,2.40138,0.0138187,1.57952,-0.840432,-2.162,-0.00688183,1.62896,-0.0553221,0,-2.0406
-1.47262,2.40374,0.0140587,1.57968,-0.839955,-2.16126,-0.0063966,1.62891,-0.0562871,0,-2.0505
-1.47334,2.40612,0.0143006,1.57985,-0.839473,-2.16052,-0.00590726,1.62887,-0.0572603,0,-2.0604
-1.47398,2.40852,0.0145445,1.58002,-0.838988,-2.15977,-0.00541382,1.62882,-0.0582416,0,-2.0703
-1.47452,2.41095,0.0147908,1.58019,-0.838497,-2.15901,-0.00491525,1.62878,-0.0592331,0,-2.0802
-1.47492,2.41341,0.0150408,1.58037,-0.837999,-2.15824,-0.00440899,1.62873,-0.0602399,0,-2.0901
-1.47524,2.41588,0.0152927,1.58054,-0.837497,-2.15747,-0.00389862,1.62869,-0.0612549,0,-2.1
-1.47548,2.41837,0.0155467,1.58072,-0.836991,-2.15668,-0.00338363,1.62864,-0.0622791,0,-2.1099
-1.47563,2.42087,0.0158028,1.58089,-0.83648,-2.1559,-0.00286453,1.62859,-0.0633114,0,-2.1198
-1.47571,2.42338,0.0160607,1.58107,-0.835965,-2.1551,-0.00234134,1.62854,-0.0643519,0,-2.1297
-1.47571,2.4259,0.0163207,1.58125,-0.835446,-2.1543,-0.00181403,1.6285,-0.0654006,0,-2.1396
-1.47563,2.42842,0.0165825,1.58144,-0.834924,-2.15349,-0.00128263,1.62845,-0.0664574,0,-2.1495
-1.47547,2.43095,0.0168464,1.58162,-0.834397,-2.15268,-0.000747117,1.6284,-0.0675224,0,-2.1594
-1.47524,2.43348,0.0171122,1.5818,-0.833866,-2.15186,-0.000207502,1.62835,-0.0685956,0,-2.1693
-1.47492,2.43602,0.0173799,1.58199,-0.833331,-2.15103,0.000336217,1.6283,-0.0696769,0,-2.1792
-1.47452,2.43855,0.0176496,1.58218,-0.832792,-2.1502,0.00088404,1.62825,-0.0707664,0,-2.1891
-1.47404,2.44108,0.0179213,1.58237,-0.832249,-2.14936,0.00143597,1.6282,-0.071864,0,-2.199
-1.47356,2.44361,0.0181929,1.58256,-0.831706,-2.14852,0.0019879,1.62815,-0.0729617,0,-2.2089
-1.47299,2.44614,0.0184666,1.58275,-0.831159,-2.14767,0.00254393,1.6281,-0.0740675,0,-2.2188
-1.47234,2.44866,0.0187421,1.58294,-0.830608,-2.14682,0.00310406,1.62805,-0.0751815,0,-2.2287
-1.47162,2.45118,0.0190197,1.58313,-0.830053,-2.14597,0.0036683,1.628,-0.0763036,0,-2.2386
-1.47081,2.45368,0.0192992,1.58333,-0.829493,-2.1451,0.00423665,1.62794,-0.077434,0,-2.2485
-1.46993,2.45618,0.0195807,1.58352,-0.82893,-2.14423,0.00480909,1.62789,-0.0785724,0,-2.2584
-1.46897,2.45866,0.0198642,1.58372,-0.828363,-2.14335,0.00538566,1.62784,-0.0797191,0,-2.2683
-1.46792,2.46113,0.0201496,1.58392,-0.827792,-2.14247,0.00596635,1.62779,-0.0808739,0,-2.2782
-1.4668,2.46359,0.0204371,1.58412,-0.827216,-2.14158,0.00655118,1.62773,-0.082037,0,-2.2881
-1.4656,2.46602,0.0207265,1.58432,-0.826637,-2.14069,0.00714011,1.62768,-0.0832082,0,-2.298
-1.46432,2.46844,0.0210181,1.58453,-0.826053,-2.13978,0.00773366,1.62763,-0.0843886,0,-2.3079
-1.46295,2.47083,0.0213117,1.58473,-0.825465,-2.13888,0.00833132,1.62757,-0.0855771,0,-2.3178
-1.4615,2.4732,0.0216074,1.58494,-0.824873,-2.13796,0.00893308,1.62752,-0.0867739,0,-2.3277
-1.45998,2.47555,0.021905,1.58514,-0.824277,-2.13704,0.00953895,1.62746,-0.0879787,0,-2.3376
-1.45838,2.47787,0.0222046,1.58535,-0.823677,-2.13611,0.0101489,1.62741,-0.0891918,0,-2.3475
-1.4567,2.48017,0.0225062,1.58556,-0.823073,-2.13518,0.010763,1.62735,-0.090413,0,-2.3574
-1.45495,2.48243,0.0228099,1.58578,-0.822465,-2.13424,0.0113812,1.62729,-0.0916424,0,-2.3673
-1.45313,2.48467,0.0231155,1.58599,-0.821853,-2.13329,0.0120035,1.62724,-0.09288,0,-2.3772
-1.45123,2.48688,0.0234232,1.58621,-0.821237,-2.13234,0.0126298,1.62718,-0.0941257,0,-2.3871
-1.44927,2.48905,0.0237329,1.58642,-0.820616,-2.13138,0.0132603,1.62712,-0.0953796,0,-2.397
-1.44722,2.49119,0.0240448,1.58664,-0.819992,-2.13042,0.0138954,1.62706,-0.0966427,0,-2.4069
-1.4451,2.49329,0.0243588,1.58686,-0.819363,-2.12944,0.0145347,1.62701,-0.0979139,0,-2.4168
-1.44292,2.49536,0.0246748,1.58708,-0.81873,-2.12847,0.015178,1.62695,-0.0991933,0,-2.4267
-1.44068,2.4974,0.0249928,1.5873,-0.818093,-2.12748,0.0158254,1.62689,-0.100481,0,-2.4366
-1.43837,2.49939,0.0253129,1.58752,-0.817452,-2.12649,0.0164769,1.62683,-0.101777,0,-2.4465
-1.436,2.50135,0.025635,1.58775,-0.816807,-2.12549,0.0171326,1.62677,-0.103081,0,-2.4564
-1.43356,2.50327,0.0259591,1.58798,-0.816158,-2.12449,0.0177923,1.62671,-0.104393,0,-2.4663
-1.43105,2.50514,0.0262853,1.5882,-0.815505,-2.12348,0.0184561,1.62665,-0.105713,0,-2.4762
-1.42847,2.50697,0.0266136,1.58843,-0.814848,-2.12247,0.0191241,1.62659,-0.107041,0,-2.4861
-1.42584,2.50876,0.0269439,1.58866,-0.814187,-2.12144,0.0197961,1.62653,-0.108378,0,-2.496
-1.42313,2.5105,0.0272765,1.5889,-0.813521,-2.12042,0.0204728,1.62647,-0.109724,0,-2.5059
-1.42036,2.51218,0.0276112,1.58913,-0.812851,-2.11938,0.0211535,1.6264,-0.111078,0,-2.5158
-1.41754,2.51383,0.0279479,1.58936,-0.812178,-2.11834,0.0218384,1.62634,-0.11244,0,-2.5257
-1.41465,2.51542,0.0282867,1.5896,-0.8115,-2.11729,0.0225274,1.62628,-0.11381,0,-2.5356
-1.4117,2.51697,0.0286276,1.58984,-0.810818,-2.11624,0.0232205,1.62622,-0.115188,0,-2.5455
-1.4087,2.51846,0.0289706,1.59008,-0.810132,-2.11518,0.0239176,1.62615,-0.116575,0,-2.5554
-1.40564,2.51991,0.0293156,1.59032,-0.809442,-2.11411,0.0246189,1.62609,-0.11797,0,-2.5653
-1.40253,2.5213,0.0296627,1.59056,-0.808748,-2.11304,0.0253243,1.62602,-0.119373,0,-2.5752
-1.39936,2.52264,0.0300119,1.5908,-0.80805,-2.11196,0.0260338,1.62596,-0.120784,0,-2.5851
-1.39614,2.52393,0.0303632,1.59105,-0.807348,-2.11088,0.0267474,1.62589,-0.122203,0,-2.595
-1.39286,2.52516,0.0307168,1.59129,-0.806642,-2.10979,0.0274656,1.62583,-0.123631,0,-2.6049
-1.38953,2.52634,0.0310725,1.59154,-0.805931,-2.10869,0.028188,1.62576,-0.125068,0,-2.6148
-1.38615,2.52746,0.0314303,1.59179,-0.805217,-2.10758,0.0289144,1.6257,-0.126513,0,-2.6247
-1.38272,2.52852,0.0317902,1.59204,-0.804498,-2.10647,0.0296449,1.62563,-0.127965,0,-2.6346
-1.37924,2.52953,0.0321522,1.59229,-0.803776,-2.10536,0.0303796,1.62556,-0.129427,0,-2.6445
-1.37572,2.53047,0.0325164,1.59254,-0.803049,-2.10423,0.0311183,1.62549,-0.130896,0,-2.6544
-1.37215,2.53136,0.0328827,1.5928,-0.802318,-2.10311,0.0318611,1.62543,-0.132373,0,-2.6643
-1.36853,2.5322,0.0332511,1.59305,-0.801583,-2.10197,0.0326081,1.62536,-0.133859,0,-2.6742
-1.36487,2.53297,0.0336217,1.59331,-0.800845,-2.10083,0.0333591,1.62529,-0.135352,0,-2.6841
-1.36118,2.53369,0.0339943,1.59357,-0.800102,-2.09968,0.0341143,1.62522,-0.136854,0,-2.694
-1.35743,2.53434,0.0343694,1.59383,-0.799355,-2.09853,0.034874,1.62515,-0.138365,0,-2.7039
-1.35365,2.53494,0.0347466,1.59409,-0.798603,-2.09737,0.0356379,1.62508,-0.139884,0,-2.7138
-1.34983,2.53547,0.035126,1.59435,-0.797848,-2.0962,0.0364058,1.62501,-0.141412,0,-2.7237
-1.34597,2.53595,0.0355075,1.59462,-0.797088,-2.09503,0.0371779,1.62494,-0.142947,0,-2.7336
-1.34207,2.53637,0.0358911,1.59488,-0.796325,-2.09385,0.037954,1.62487,-0.144491,0,-2.7435
-1.33814,2.53673,0.0362769,1.59515,-0.795557,-2.09266,0.0387343,1.6248,-0.146043,0,-2.7534
-1.33418,2.53703,0.0366648,1.59542,-0.794786,-2.09147,0.0395187,1.62472,-0.147603,0,-2.7633
-1.33019,2.53727,0.0370549,1.59569,-0.79401,-2.09027,0.0403071,1.62465,-0.149171,0,-2.7732
-1.32616,2.53744,0.0374471,1.59596,-0.79323,-2.08907,0.0410997,1.62458,-0.150747,0,-2.7831
-1.3221,2.53756,0.0378414,1.59623,-0.792447,-2.08786,0.0418963,1.62451,-0.152332,0,-2.793
-1.31801,2.53762,0.0382382,1.5965,-0.791658,-2.08664,0.0426976,1.62443,-0.153926,0,-2.8029
-1.3139,2.53761,0.0386371,1.59678,-0.790866,-2.08542,0.043503,1.62436,-0.155528,0,-2.8128
-1.30975,2.53754,0.0390381,1.59705,-0.79007,-2.08419,0.0443124,1.62429,-0.157138,0,-2.8227
-1.30558,2.53741,0.0394413,1.59733,-0.789269,-2.08295,0.045126,1.62421,-0.158756,0,-2.8326
-1.30139,2.53722,0.0398466,1.59761,-0.788465,-2.08171,0.0459437,1.62414,-0.160382,0,-2.8425
-1.29717,2.53697,0.040254,1.59789,-0.787657,-2.08046,0.0467656,1.62406,-0.162017,0,-2.8524
-1.29293,2.53666,0.0406635,1.59818,-0.786844,-2.07921,0.0475915,1.62399,-0.16366,0,-2.8623
-1.28867,2.53629,0.0410751,1.59846,-0.786028,-2.07795,0.0484216,1.62391,-0.16531,0,-2.8722
-1.28439,2.53586,0.0414888,1.59874,-0.785207,-2.07668,0.0492558,1.62384,-0.16697,0,-2.8821
-1.28009,2.53537,0.0419047,1.59903,-0.784383,-2.0754,0.0500941,1.62376,-0.168637,0,-2.892
-1.27576,2.53481,0.0423229,1.59932,-0.783554,-2.07412,0.050937,1.62368,-0.170313,0,-2.9019
-1.27143,2.53419,0.0427433,1.59961,-0.782721,-2.07284,0.051784,1.62361,-0.171998,0,-2.9118
-1.26707,2.53351,0.0431657,1.5999,-0.781883,-2.07154,0.0526351,1.62353,-0.173691,0,-2.9217
-1.26271,2.53277,0.0435902,1.60019,-0.781042,-2.07024,0.0534903,1.62345,-0.175392,0,-2.9316
-1.25832,2.53197,0.0440169,1.60048,-0.780197,-2.06894,0.0543496,1.62337,-0.177101,0,-2.9415
-1.25393,2.53111,0.0444456,1.60078,-0.779348,-2.06763,0.055213,1.62329,-0.178818,0,-2.9514
-1.24953,2.53019,0.0448764,1.60108,-0.778494,-2.06631,0.0560805,1.62321,-0.180543,0,-2.9613
-1.24511,2.52922,0.0453092,1.60137,-0.777637,-2.06499,0.0569521,1.62313,-0.182277,0,-2.9712
-1.24069,2.52818,0.0457442,1.60167,-0.776776,-2.06366,0.0578278,1.62306,-0.184019,0,-2.9811
-1.23625,2.52708,0.0461812,1.60197,-0.77591,-2.06232,0.0587077,1.62298,-0.185769,0,-2.991
-1.23181,2.52592,0.0466205,1.60228,-0.77504,-2.06098,0.0595921,1.62289,-0.187528,0,-3.0009
-1.22737,2.52469,0.0470618,1.60258,-0.774166,-2.05963,0.0604806,1.62281,-0.189295,0,-3.0108
-1.22292,2.52341,0.0475052,1.60288,-0.773288,-2.05827,0.0613733,1.62273,-0.191071,0,-3.0207
-1.21846,2.52206,0.0479507,1.60319,-0.772406,-2.05691,0.06227,1.62265,-0.192854,0,-3.0306
-1.21401,2.52067,0.0483981,1.6035,-0.77152,-2.05554,0.0631708,1.62257,-0.194646,0,-3.0405
-1.20955,2.51921,0.0488476,1.60381,-0.77063,-2.05416,0.0640758,1.62249,-0.196446,0,-3.0504
-1.20509,2.5177,0.0492991,1.60412,-0.769736,-2.05278,0.0649848,1.6224,-0.198254,0,-3.0603
-1.20063,2.51614,0.0497526,1.60443,-0.768838,-2.0514,0.065898,1.62232,-0.20007,0,-3.0702
-1.19617,2.51452,0.050208,1.60474,-0.767935,-2.05,0.0668153,1.62224,-0.201895,0,-3.0801
-1.19171,2.51284,0.0506654,1.60506,-0.767029,-2.04861,0.0677368,1.62215,-0.203728,0,-3.09
-1.18726,2.51109,0.051125,1.60538,-0.766119,-2.0472,0.0686629,1.62207,-0.205569,0,-3.0999
-1.18281,2.50929,0.0515866,1.60569,-0.765204,-2.04579,0.0695931,1.62199,-0.207419,0,-3.1098
-1.17837,2.50744,0.0520502,1.60601,-0.764285,-2.04437,0.0705274,1.6219,-0.209278,0,-3.1197
-1.17393,2.50553,0.0525157,1.60633,-0.763362,-2.04294,0.0714658,1.62181,-0.211144,0,-3.1296
-1.1695,2.50358,0.0529833,1.60666,-0.762436,-2.04151,0.0724083,1.62173,-0.213018,0,-3.1395
-1.16508,2.50157,0.0534528,1.60698,-0.761505,-2.04008,0.0733549,1.62164,-0.214901,0,-3.1494
-1.16066,2.49952,0.0539243,1.6073,-0.76057,-2.03863,0.0743056,1.62156,-0.216792,0,-3.1593
-1.15625,2.49741,0.0543977,1.60763,-0.759631,-2.03718,0.0752605,1.62147,-0.218691,0,-3.1692
-1.15185,2.49526,0.0548731,1.60796,-0.758688,-2.03573,0.0762194,1.62138,-0.220598,0,-3.1791
-1.14746,2.49306,0.0553505,1.60829,-0.757741,-2.03427,0.0771824,1.6213,-0.222513,0,-3.189
-1.14308,2.49082,0.0558301,1.60862,-0.756789,-2.0328,0.0781501,1.62121,-0.224438,0,-3.1989
-1.13871,2.48854,0.0563117,1.60895,-0.755834,-2.03132,0.0791218,1.62112,-0.22637,0,-3.2088
-1.13435,2.48621,0.0567953,1.60929,-0.754874,-2.02984,0.0800977,1.62103,-0.228311,0,-3.2187
-1.13,2.48384,0.0572808,1.60962,-0.753911,-2.02835,0.0810776,1.62094,-0.23026,0,-3.2286
-1.12566,2.48142,0.0577682,1.60996,-0.752943,-2.02686,0.0820617,1.62085,-0.232217,0,-3.2385
-1.12134,2.47896,0.0582577,1.61029,-0.751971,-2.02536,0.0830499,1.62076,-0.234183,0,-3.2484
-1.11702,2.47646,0.0587491,1.61063,-0.750995,-2.02385,0.0840421,1.62067,-0.236156,0,-3.2583
-1.11272,2.47392,0.0592425,1.61097,-0.750016,-2.02234,0.0850385,1.62058,-0.238138,0,-3.2682
-1.10844,2.47134,0.0597379,1.61132,-0.749032,-2.02082,0.086039,1.62049,-0.240127,0,-3.2781
-1.10417,2.46873,0.0602351,1.61166,-0.748044,-2.0193,0.0870438,1.6204,-0.242125,0,-3.288
-1.09991,2.46607,0.0607345,1.61201,-0.747052,-2.01776,0.0880532,1.62031,-0.244133,0,-3.2979
-1.09567,2.46338,0.0612359,1.61235,-0.746056,-2.01623,0.0890668,1.62022,-0.246148,0,-3.3078
-1.09144,2.46065,0.0617393,1.6127,-0.745055,-2.01468,0.0900845,1.62012,-0.248172,0,-3.3177
-1.08723,2.45789,0.0622447,1.61305,-0.744051,-2.01313,0.0911062,1.62003,-0.250203,0,-3.3276
-1.08303,2.45509,0.0627521,1.6134,-0.743043,-2.01157,0.0921321,1.61994,-0.252243,0,-3.3375
-1.07884,2.45226,0.0632615,1.61375,-0.74203,-2.01001,0.0931621,1.61984,-0.254291,0,-3.3474
-1.07468,2.4494,0.0637729,1.61411,-0.741014,-2.00844,0.0941962,1.61975,-0.256348,0,-3.3573
-1.07052,2.44651,0.0642863,1.61446,-0.739993,-2.00686,0.0952345,1.61966,-0.258412,0,-3.3672
-1.06639,2.44359,0.0648017,1.61482,-0.738969,-2.00528,0.0962768,1.61956,-0.260485,0,-3.3771
-1.06227,2.44064,0.0653192,1.61518,-0.73794,-2.00369,0.0973233,1.61947,-0.262565,0,-3.387
-1.05817,2.43766,0.0658389,1.61554,-0.736907,-2.0021,0.0983743,1.61937,-0.264655,0,-3.3969
-1.05408,2.43465,0.0663607,1.6159,-0.73587,-2.0005,0.0994295,1.61927,-0.266753,0,-3.4068
-1.05001,2.43161,0.0668845,1.61626,-0.734829,-1.99889,0.100489,1.61918,-0.26886,0,-3.4167
-1.04595,2.42855,0.0674103,1.61662,-0.733784,-1.99727,0.101552,1.61908,-0.270974,0,-3.4266
-1.04192,2.42546,0.0679383,1.61699,-0.732734,-1.99565,0.10262,1.61898,-0.273097,0,-3.4365
-1.03789,2.42235,0.0684682,1.61736,-0.731681,-1.99403,0.103691,1.61889,-0.275227,0,-3.4464
-1.03389,2.41922,0.0690003,1.61772,-0.730624,-1.99239,0.104767,1.61879,-0.277366,0,-3.4563
-1.0299,2.41606,0.0695343,1.61809,-0.729563,-1.99075,0.105847,1.61869,-0.279513,0,-3.4662
-1.02592,2.41288,0.0700705,1.61846,-0.728497,-1.98911,0.106931,1.61859,-0.281669,0,-3.4761
-1.02197,2.40968,0.0706085,1.61884,-0.727428,-1.98746,0.108019,1.61849,-0.283832,0,-3.486
-1.01803,2.40646,0.0711489,1.61921,-0.726354,-1.9858,0.109112,1.6184,-0.286005,0,-3.4959
-1.0141,2.40322,0.0716913,1.61959,-0.725277,-1.98413,0.110209,1.6183,-0.288186,0,-3.5058
-1.01019,2.39996,0.0722359,1.61996,-0.724195,-1.98246,0.11131,1.6182,-0.290375,0,-3.5157
-1.0063,2.39668,0.0727826,1.62034,-0.723109,-1.98078,0.112416,1.6181,-0.292572,0,-3.5256
-1.00242,2.39339,0.0733314,1.62072,-0.722019,-1.9791,0.113525,1.618,-0.294777,0,-3.5355
-0.998557,2.39007,0.0738823,1.6211,-0.720925,-1.97741,0.114639,1.61789,-0.296991,0,-3.5454
-0.994709,2.38675,0.0744353,1.62149,-0.719827,-1.97571,0.115756,1.61779,-0.299212,0,-3.5553
-0.990876,2.3834,0.0749905,1.62187,-0.718725,-1.97401,0.116878,1.61769,-0.301442,0,-3.5652
-0.987057,2.38005,0.0755477,1.62226,-0.717619,-1.9723,0.118004,1.61759,-0.30368,0,-3.5751
-0.983254,2.37668,0.0761072,1.62264,-0.716509,-1.97059,0.119134,1.61749,-0.305926,0,-3.585
-0.979467,2.37329,0.076669,1.62303,-0.715394,-1.96886,0.120269,1.61738,-0.308182,0,-3.5949
-0.975694,2.36989,0.0772329,1.62342,-0.714276,-1.96713,0.121407,1.61728,-0.310445,0,-3.6048
-0.971935,2.36648,0.077799,1.62381,-0.713153,-1.9654,0.12255,1.61718,-0.312717,0,-3.6147
-0.96819,2.36305,0.0783673,1.62421,-0.712026,-1.96366,0.123697,1.61707,-0.314997,0,-3.6246
-0.964458,2.35962,0.0789377,1.6246,-0.710895,-1.96191,0.124848,1.61697,-0.317285,0,-3.6345
-0.960738,2.35617,0.0795103,1.62499,-0.709761,-1.96016,0.126004,1.61686,-0.319581,0,-3.6444
-0.957031,2.35272,0.0800849,1.62539,-0.708622,-1.9584,0.127163,1.61676,-0.321885,0,-3.6543
-0.953337,2.34925,0.0806616,1.62579,-0.707479,-1.95663,0.128327,1.61665,-0.324198,0,-3.6642
-0.949657,2.34578,0.0812404,1.62619,-0.706332,-1.95486,0.129495,1.61655,-0.326519,0,-3.6741
-0.94599,2.3423,0.0818214,1.62659,-0.705182,-1.95308,0.130667,1.61644,-0.328848,0,-3.684
-0.942337,2.3388,0.0824049,1.62699,-0.704026,-1.95129,0.131844,1.61633,-0.331186,0,-3.6939
-0.938697,2.3353,0.0829905,1.62739,-0.702867,-1.9495,0.133025,1.61623,-0.333533,0,-3.7038
-0.93507,2.33179,0.0835782,1.6278,-0.701704,-1.9477,0.13421,1.61612,-0.335888,0,-3.7137
-0.931455,2.32827,0.0841682,1.62821,-0.700536,-1.9459,0.1354,1.61601,-0.33825,0,-3.7236
-0.927853,2.32475,0.0847603,1.62861,-0.699365,-1.94409,0.136593,1.6159,-0.340622,0,-3.7335
-0.924263,2.32122,0.0853546,1.62902,-0.698189,-1.94227,0.137791,1.61579,-0.343001,0,-3.7434
-0.920688,2.31768,0.0859511,1.62943,-0.69701,-1.94044,0.138992,1.61569,-0.345388,0,-3.7533
-0.917125,2.31413,0.0865497,1.62984,-0.695826,-1.93861,0.140198,1.61558,-0.347784,0,-3.7632
-0.913573,2.31058,0.0871506,1.63026,-0.694638,-1.93678,0.141408,1.61547,-0.350187,0,-3.7731
-0.910033,2.30703,0.0877536,1.63067,-0.693447,-1.93493,0.142622,1.61536,-0.352599,0,-3.783
-0.906506,2.30347,0.088359,1.63109,-0.69225,-1.93309,0.143841,1.61525,-0.35502,0,-3.7929
-0.90299,2.2999,0.0889666,1.63151,-0.69105,-1.93123,0.145064,1.61513,-0.357449,0,-3.8028
-0.899486,2.29633,0.0895763,1.63192,-0.689846,-1.92937,0.146291,1.61502,-0.359887,0,-3.8127
-0.895992,2.29275,0.0901881,1.63234,-0.688638,-1.9275,0.147522,1.61491,-0.362332,0,-3.8226
-0.89251,2.28917,0.0908018,1.63277,-0.687426,-1.92562,0.148757,1.6148,-0.364786,0,-3.8325
-0.889039,2.28558,0.0914177,1.63319,-0.68621,-1.92374,0.149997,1.61469,-0.367248,0,-3.8424
-0.885579,2.28199,0.0920358,1.63362,-0.68499,-1.92185,0.15124,1.61458,-0.369718,0,-3.8523
-0.882132,2.2784,0.0926559,1.63404,-0.683766,-1.91996,0.152488,1.61446,-0.372196,0,-3.8622
-0.878696,2.2748,0.0932783,1.63447,-0.682538,-1.91806,0.15374,1.61435,-0.374682,0,-3.8721
-0.87527,2.2712,0.0939028,1.6349,-0.681306,-1.91615,0.154996,1.61424,-0.377176,0,-3.882
-0.871857,2.26759,0.0945296,1.63533,-0.680069,-1.91424,0.156257,1.61412,-0.37968,0,-3.8919
-0.868453,2.26399,0.0951587,1.63576,-0.678829,-1.91232,0.157522,1.61401,-0.382192,0,-3.9018
-0.86506,2.26038,0.0957898,1.63619,-0.677584,-1.91039,0.158791,1.6139,-0.384712,0,-3.9117
-0.861677,2.25676,0.0964231,1.63663,-0.676335,-1.90846,0.160064,1.61378,-0.38724,0,-3.9216
-0.858304,2.25314,0.0970585,1.63707,-0.675083,-1.90652,0.161341,1.61367,-0.389776,0,-3.9315
-0.854941,2.24952,0.097696,1.6375,-0.673826,-1.90458,0.162623,1.61355,-0.392321,0,-3.9414
-0.851588,2.2459,0.0983356,1.63794,-0.672565,-1.90263,0.163908,1.61343,-0.394873,0,-3.9513
-0.848244,2.24228,0.0989773,1.63838,-0.6713,-1.90067,0.165198,1.61332,-0.397434,0,-3.9612
-0.844905,2.23865,0.0996212,1.63882,-0.670031,-1.8987,0.166492,1.6132,-0.400003,0,-3.9711
-0.841575,2.23502,0.100267,1.63927,-0.668759,-1.89673,0.16779,1.61308,-0.40258,0,-3.981
-0.838257,2.23138,0.100915,1.63971,-0.667482,-1.89476,0.169093,1.61297,-0.405166,0,-3.9909
-0.834948,2.22775,0.101565,1.64016,-0.6662,-1.89277,0.1704,1.61285,-0.407761,0,-4.0008
-0.831649,2.22411,0.102217,1.6406,-0.664915,-1.89078,0.171711,1.61273,-0.410364,0,-4.0107
-0.82836,2.22047,0.102871,1.64105,-0.663626,-1.88878,0.173026,1.61261,-0.412975,0,-4.0206
-0.82508,2.21683,0.103527,1.6415,-0.662333,-1.88678,0.174346,1.61249,-0.415594,0,-4.0305
-0.82181,2.21319,0.104186,1.64195,-0.661036,-1.88477,0.175669,1.61237,-0.418221,0,-4.0404
-0.818551,2.20955,0.104846,1.64241,-0.659735,-1.88276,0.176996,1.61225,-0.420855,0,-4.0503
-0.815304,2.2059,0.105506,1.64286,-0.658433,-1.88074,0.178325,1.61213,-0.423492,0,-4.0602
-0.812072,2.20227,0.106167,1.64331,-0.657131,-1.87872,0.179654,1.61201,-0.426129,0,-4.0701
-0.808855,2.19863,0.106828,1.64376,-0.655829,-1.8767,0.180982,1.61189,-0.428767,0,-4.08
-0.805655,2.195,0.107489,1.64422,-0.654527,-1.87469,0.182311,1.61176,-0.431404,0,-4.0899
-0.802469,2.19137,0.10815,1.64467,-0.653224,-1.87267,0.18364,1.61164,-0.434041,0,-4.0998
-0.799299,2.18774,0.108811,1.64512,-0.651922,-1.87065,0.184969,1.61152,-0.436678,0,-4.1097
-0.796144,2.18412,0.109471,1.64558,-0.65062,-1.86863,0.186297,1.6114,-0.439316,0,-4.1196
-0.793005,2.1805,0.110132,1.64603,-0.649318,-1.86661,0.187627,1.61128,-0.441953,0,-4.1295
-0.78988,2.17689,0.110793,1.64648,-0.648016,-1.8646,0.188956,1.61116,-0.444591,0,-4.1394
-0.78677,2.17328,0.111453,1.64693,-0.646714,-1.86258,0.190285,1.61104,-0.447229,0,-4.1493
-0.783676,2.16968,0.112114,1.64739,-0.645412,-1.86056,0.191615,1.61092,-0.449867,0,-4.1592
-0.780598,2.16608,0.112774,1.64784,-0.64411,-1.85855,0.192945,1.6108,-0.452505,0,-4.1691
-0.777535,2.16248,0.113434,1.64829,-0.642808,-1.85653,0.194274,1.61068,-0.455143,0,-4.179
-0.774492,2.1589,0.114094,1.64875,-0.641506,-1.85451,0.195604,1.61056,-0.457782,0,-4.1889
-0.771465,2.15532,0.114755,1.6492,-0.640203,-1.85249,0.196933,1.61044,-0.46042,0,-4.1988
-0.768454,2.15175,0.115415,1.64965,-0.638901,-1.85048,0.198263,1.61032,-0.463058,0,-4.2087
-0.765458,2.14818,0.116075,1.65011,-0.637599,-1.84846,0.199593,1.6102,-0.465696,0,-4.2186
-0.762478,2.14462,0.116734,1.65056,-0.636297,-1.84644,0.200922,1.61008,-0.468334,0,-4.2285
-0.759513,2.14107,0.117394,1.65101,-0.634995,-1.84443,0.202252,1.60996,-0.470972,0,-4.2384
-0.756564,2.13752,0.118054,1.65146,-0.633693,-1.84241,0.203581,1.60984,-0.47361,0,-4.2483
-0.753631,2.13398,0.118713,1.65192,-0.632391,-1.84039,0.204911,1.60972,-0.476248,0,-4.2582
-0.750713,2.13045,0.119373,1.65237,-0.631089,-1.83837,0.206241,1.6096,-0.478886,0,-4.2681
-0.747811,2.12692,0.120032,1.65282,-0.629787,-1.83636,0.20757,1.60948,-0.481524,0,-4.278
-0.744942,2.12342,0.120691,1.65328,-0.628486,-1.83434,0.2089,1.60936,-0.484162,0,-4.2879
-0.742087,2.11992,0.121349,1.65373,-0.627184,-1.83232,0.210229,1.60924,-0.486799,0,-4.2978
-0.739248,2.11643,0.122007,1.65418,-0.625883,-1.8303,0.211559,1.60912,-0.489437,0,-4.3077
-0.736425,2.11295,0.122666,1.65464,-0.624582,-1.82829,0.212889,1.609,-0.492074,0,-4.3176
-0.733616,2.10948,0.123324,1.65509,-0.623281,-1.82627,0.214218,1.60888,-0.494711,0,-4.3275
-0.730823,2.10602,0.123981,1.65554,-0.621979,-1.82425,0.215548,1.60876,-0.497349,0,-4.3374
-0.728044,2.10256,0.124639,1.656,-0.620678,-1.82224,0.216877,1.60864,-0.499986,0,-4.3473
-0.725281,2.09912,0.125297,1.65645,-0.619377,-1.82022,0.218207,1.60852,-0.502624,0,-4.3572
-0.722532,2.09569,0.125954,1.65691,-0.618076,-1.8182,0.219536,1.6084,-0.505261,0,-4.3671
-0.719798,2.09227,0.126612,1.65736,-0.616774,-1.81618,0.220866,1.60828,-0.507899,0,-4.377
-0.71708,2.08886,0.127269,1.65781,-0.615473,-1.81417,0.222195,1.60816,-0.510536,0,-4.3869
-0.714376,2.08547,0.127926,1.65827,-0.614172,-1.81215,0.223525,1.60804,-0.513173,0,-4.3968
-0.711676,2.08207,0.128583,1.65872,-0.612871,-1.81013,0.224854,1.60792,-0.515811,0,-4.4067
-0.708987,2.07869,0.12924,1.65917,-0.611569,-1.80812,0.226184,1.6078,-0.518448,0,-4.4166
-0.706312,2.07532,0.129897,1.65963,-0.610268,-1.8061,0.227513,1.60768,-0.521086,0,-4.4265
-0.70365,2.07196,0.130553,1.66008,-0.608967,-1.80408,0.228843,1.60756,-0.523723,0,-4.4364
-0.701002,2.06861,0.13121,1.66054,-0.607666,-1.80206,0.230174,1.60744,-0.526362,0,-4.4463
-0.698367,2.06527,0.131866,1.66099,-0.606365,-1.80005,0.231504,1.60732,-0.529,0,-4.4562
-0.695746,2.06194,0.132522,1.66144,-0.605064,-1.79803,0.232834,1.6072,-0.531638,0,-4.4661
-0.693138,2.05863,0.133178,1.6619,-0.603763,-1.79601,0.234164,1.60708,-0.534276,0,-4.476
-0.690544,2.05533,0.133834,1.66235,-0.602462,-1.794,0.235494,1.60696,-0.536914,0,-4.4859
-0.687963,2.05205,0.13449,1.6628,-0.601161,-1.79198,0.236824,1.60684,-0.539552,0,-4.4958
-0.685394,2.04877,0.135145,1.66326,-0.59986,-1.78996,0.238155,1.60672,-0.54219,0,-4.5057
-0.682837,2.04551,0.135801,1.66371,-0.598559,-1.78795,0.239485,1.6066,-0.544829,0,-4.5156
-0.680291,2.04226,0.136456,1.66417,-0.597258,-1.78593,0.240815,1.60648,-0.547467,0,-4.5255
-0.677757,2.03902,0.137112,1.66462,-0.595957,-1.78391,0.242145,1.60636,-0.550105,0,-4.5354
-0.675235,2.0358,0.137767,1.66507,-0.594656,-1.7819,0.243475,1.60624,-0.552743,0,-4.5453
-0.672724,2.03259,0.138422,1.66553,-0.593355,-1.77988,0.244805,1.60612,-0.555381,0,-4.5552
-0.670225,2.02939,0.139077,1.66598,-0.592054,-1.77786,0.246135,1.606,-0.558019,0,-4.5651
-0.667737,2.02621,0.139732,1.66644,-0.590753,-1.77585,0.247465,1.60588,-0.560658,0,-4.575
-0.665261,2.02304,0.140387,1.66689,-0.589452,-1.77383,0.248796,1.60576,-0.563296,0,-4.5849
-0.662795,2.01988,0.141041,1.66734,-0.588151,-1.77181,0.250126,1.60564,-0.565934,0,-4.5948
-0.66034,2.01674,0.141695,1.6678,-0.586851,-1.7698,0.251457,1.60552,-0.568572,0,-4.6047
-0.657895,2.01361,0.142349,1.66825,-0.58555,-1.76778,0.252787,1.6054,-0.57121,0,-4.6146
-0.655461,2.01049,0.143003,1.6687,-0.58425,-1.76576,0.254118,1.60528,-0.573849,0,-4.6245
-0.653037,2.00739,0.143657,1.66916,-0.582949,-1.76375,0.255448,1.60516,-0.576487,0,-4.6344
-0.650622,2.00431,0.144311,1.66961,-0.581649,-1.76173,0.256779,1.60504,-0.579125,0,-4.6443
-0.648217,2.00124,0.144964,1.67006,-0.580348,-1.75972,0.258109,1.60492,-0.581763,0,-4.6542
-0.64582,1.99818,0.145618,1.67052,-0.579048,-1.7577,0.25944,1.6048,-0.584401,0,-4.6641
-0.643433,1.99513,0.146272,1.67097,-0.577747,-1.75568,0.26077,1.60468,-0.58704,0,-4.674
-0.641055,1.9921,0.146925,1.67142,-0.576447,-1.75367,0.262101,1.60456,-0.589678,0,-4.6839
-0.638685,1.98908,0.147579,1.67188,-0.575146,-1.75165,0.263431,1.60444,-0.592316,0,-4.6938
-0.636323,1.98607,0.148232,1.67233,-0.573846,-1.74963,0.264761,1.60432,-0.594954,0,-4.7037
-0.63397,1.98308,0.148885,1.67279,-0.572545,-1.74762,0.266092,1.6042,-0.597592,0,-4.7136
-0.631623,1.9801,0.149539,1.67324,-0.571245,-1.7456,0.267422,1.60408,-0.600231,0,-4.7235
-0.629285,1.97713,0.150192,1.67369,-0.569944,-1.74359,0.268753,1.60396,-0.602869,0,-4.7334
-0.626953,1.97418,0.150845,1.67415,-0.568644,-1.74157,0.270084,1.60384,-0.605508,0,-4.7433
-0.624627,1.97124,0.151498,1.6746,-0.567344,-1.73955,0.271415,1.60372,-0.608147,0,-4.7532
-0.622309,1.96831,0.15215,1.67506,-0.566043,-1.73754,0.272746,1.6036,-0.610786,0,-4.7631
-0.619998,1.96539,0.152803,1.67551,-0.564743,-1.73552,0.274077,1.60348,-0.613425,0,-4.773
-0.617693,1.96249,0.153456,1.67596,-0.563443,-1.7335,0.275409,1.60336,-0.616064,0,-4.7829
-0.615395,1.9596,0.154109,1.67642,-0.562142,-1.73149,0.27674,1.60324,-0.618703,0,-4.7928
-0.613103,1.95672,0.154761,1.67687,-0.560842,-1.72947,0.278071,1.60312,-0.621342,0,-4.8027
-0.610816,1.95385,0.155414,1.67733,-0.559542,-1.72746,0.279402,1.603,-0.623981,0,-4.8126
-0.608535,1.95099,0.156066,1.67778,-0.558241,-1.72544,0.280733,1.60288,-0.62662,0,-4.8225
-0.60626,1.94815,0.156719,1.67824,-0.556941,-1.72342,0.282064,1.60276,-0.629259,0,-4.8324
-0.60399,1.94532,0.157372,1.67869,-0.555641,-1.72141,0.283395,1.60264,-0.631898,0,-4.8423
-0.601724,1.94249,0.158024,1.67914,-0.55434,-1.71939,0.284726,1.60252,-0.634537,0,-4.8522
-0.599464,1.93968,0.158677,1.6796,-0.55304,-1.71737,0.286057,1.6024,-0.637176,0,-4.8621
-0.597208,1.93688,0.159329,1.68005,-0.55174,-1.71536,0.287388,1.60228,-0.639815,0,-4.872
-0.594957,1.93409,0.159982,1.68051,-0.550439,-1.71334,0.288719,1.60216,-0.642454,0,-4.8819
-0.592711,1.93131,0.160634,1.68096,-0.54914,-1.71133,0.290051,1.60205,-0.645093,0,-4.8918
-0.590469,1.92854,0.161286,1.68142,-0.54784,-1.70931,0.291383,1.60193,-0.647732,0,-4.9017
-0.588231,1.92578,0.161938,1.68187,-0.54654,-1.7073,0.292714,1.60181,-0.650371,0,-4.9116
-0.585998,1.92303,0.16259,1.68233,-0.545241,-1.70528,0.294046,1.60169,-0.65301,0,-4.9215
-0.583768,1.92029,0.163242,1.68278,-0.543941,-1.70327,0.295378,1.60157,-0.655649,0,-4.9314
-0.581541,1.91756,0.163894,1.68323,-0.542641,-1.70125,0.296709,1.60145,-0.658288,0,-4.9413
-0.579319,1.91484,0.164546,1.68369,-0.541342,-1.69923,0.298041,1.60133,-0.660927,0,-4.9512
-0.577101,1.91213,0.165198,1.68414,-0.540042,-1.69722,0.299372,1.60121,-0.663566,0,-4.9611
-0.574886,1.90943,0.16585,1.6846,-0.538742,-1.6952,0.300704,1.60109,-0.666205,0,-4.971
-0.572674,1.90674,0.166502,1.68505,-0.537442,-1.69319,0.302036,1.60097,-0.668844,0,-4.9809
-0.570466,1.90406,0.167154,1.68551,-0.536143,-1.69117,0.303367,1.60086,-0.671483,0,-4.9908
-0.56826,1.90139,0.167806,1.68596,-0.534843,-1.68916,0.304699,1.60074,-0.674122,0,-5.0007
-0.566058,1.89872,0.168458,1.68642,-0.533543,-1.68714,0.30603,1.60062,-0.676761,0,-5.0106
-0.563858,1.89607,0.16911,1.68687,-0.532244,-1.68513,0.307362,1.6005,-0.6794,0,-5.0205
-0.56166,1.89342,0.169762,1.68732,-0.530944,-1.68311,0.308694,1.60038,-0.682039,0,-5.0304
-0.559465,1.89078,0.170414,1.68778,-0.529645,-1.6811,0.310026,1.60026,-0.684679,0,-5.0403
-0.557272,1.88814,0.171065,1.68823,-0.528345,-1.67908,0.311358,1.60014,-0.687319,0,-5.0502
-0.555081,1.88552,0.171717,1.68869,-0.527046,-1.67707,0.31269,1.60002,-0.689958,0,-5.0601
-0.552892,1.8829,0.172369,1.68914,-0.525747,-1.67505,0.314023,1.5999,-0.692598,0,-5.07
-0.550705,1.88029,0.173021,1.6896,-0.524447,-1.67303,0.315355,1.59978,-0.695238,0,-5.0799
-0.548521,1.87768,0.173672,1.69005,-0.523148,-1.67102,0.316687,1.59967,-0.697878,0,-5.0898
-0.546339,1.87509,0.174324,1.69051,-0.521848,-1.669,0.31802,1.59955,-0.700518,0,-5.0997
-0.544158,1.8725,0.174976,1.69096,-0.520549,-1.66699,0.319352,1.59943,-0.703157,0,-5.1096
-0.541979,1.86991,0.175628,1.69141,-0.51925,-1.66497,0.320685,1.59931,-0.705797,0,-5.1195
-0.539802,1.86733,0.17628,1.69187,-0.51795,-1.66296,0.322017,1.59919,-0.708437,0,-5.1294
-0.537627,1.86476,0.176932,1.69232,-0.516651,-1.66094,0.323349,1.59907,-0.711077,0,-5.1393
-0.535453,1.8622,0.177584,1.69278,-0.515351,-1.65893,0.324682,1.59895,-0.713717,0,-5.1492
-0.533281,1.85964,0.178236,1.69323,-0.514052,-1.65691,0.326014,1.59883,-0.716356,0,-5.1591
-0.53111,1.85708,0.178887,1.69369,-0.512753,-1.65489,0.327346,1.59871,-0.718996,0,-5.169
-0.52894,1.85453,0.179539,1.69414,-0.511453,-1.65288,0.328679,1.5986,-0.721636,0,-5.1789
-0.526772,1.85199,0.180191,1.6946,-0.510154,-1.65086,0.330011,1.59848,-0.724276,0,-5.1888
-0.524605,1.84945,0.180842,1.69505,-0.508855,-1.64885,0.331344,1.59836,-0.726916,0,-5.1987
-0.522439,1.84691,0.181494,1.69551,-0.507557,-1.64683,0.332677,1.59824,-0.729556,0,-5.2086
-0.520275,1.84438,0.182145,1.69596,-0.506258,-1.64482,0.33401,1.59812,-0.732195,0,-5.2185
-0.518111,1.84186,0.182797,1.69641,-0.504959,-1.6428,0.335343,1.598,-0.734835,0,-5.2284
-0.515949,1.83934,0.183448,1.69687,-0.50366,-1.64079,0.336676,1.59788,-0.737475,0,-5.2383
-0.513787,1.83682,0.1841,1.69732,-0.502362,-1.63877,0.338009,1.59776,-0.740115,0,-5.2482
-0.511627,1.83431,0.184751,1.69778,-0.501063,-1.63675,0.339342,1.59764,-0.742755,0,-5.2581
-0.509467,1.83181,0.185402,1.69823,-0.499764,-1.63474,0.340675,1.59752,-0.745395,0,-5.268
-0.507309,1.8293,0.186054,1.69869,-0.498465,-1.63272,0.342007,1.59741,-0.748035,0,-5.2779
-0.505151,1.82681,0.186705,1.69914,-0.497166,-1.63071,0.34334,1.59729,-0.750675,0,-5.2878
-0.502994,1.82431,0.187357,1.6996,-0.495868,-1.62869,0.344673,1.59717,-0.753314,0,-5.2977
-0.500838,1.82182,0.188009,1.70005,-0.494569,-1.62668,0.346006,1.59705,-0.755954,0,-5.3076
-0.498682,1.81933,0.18866,1.70051,-0.49327,-1.62466,0.347339,1.59693,-0.758594,0,-5.3175
-0.496527,1.81685,0.189312,1.70096,-0.491971,-1.62265,0.348672,1.59681,-0.761234,0,-5.3274
-0.494373,1.81437,0.189963,1.70141,-0.490673,-1.62063,0.350005,1.59669,-0.763874,0,-5.3373
-0.492219,1.8119,0.190614,1.70187,-0.489374,-1.61861,0.351339,1.59657,-0.766515,0,-5.3472
-0.490065,1.80942,0.191266,1.70233,-0.488076,-1.6166,0.352673,1.59646,-0.769155,0,-5.3571
-0.487912,1.80695,0.191917,1.70278,-0.486777,-1.61458,0.354006,1.59634,-0.771796,0,-5.367
-0.48576,1.80449,0.192568,1.70324,-0.485479,-1.61257,0.35534,1.59622,-0.774436,0,-5.3769
-0.483608,1.80202,0.193219,1.70369,-0.48418,-1.61055,0.356674,1.5961,-0.777077,0,-5.3868
-0.481457,1.79956,0.19387,1.70415,-0.482882,-1.60854,0.358008,1.59598,-0.779718,0,-5.3967
-0.479306,1.7971,0.194522,1.7046,-0.481583,-1.60652,0.359341,1.59586,-0.782358,0,-5.4066
-0.477155,1.79465,0.195173,1.70506,-0.480285,-1.60451,0.360675,1.59575,-0.784999,0,-5.4165
-0.475005,1.79219,0.195824,1.70551,-0.478986,-1.60249,0.362009,1.59563,-0.787639,0,-5.4264
-0.472856,1.78974,0.196476,1.70597,-0.477688,-1.60048,0.363343,1.59551,-0.79028,0,-5.4363
-0.470706,1.7873,0.197127,1.70642,-0.476389,-1.59846,0.364676,1.59539,-0.792921,0,-5.4462
-0.468558,1.78485,0.197778,1.70688,-0.475091,-1.59645,0.36601,1.59527,-0.795561,0,-5.4561
-0.466409,1.78241,0.19843,1.70733,-0.473792,-1.59443,0.367344,1.59515,-0.798202,0,-5.466
-0.464261,1.77997,0.199081,1.70779,-0.472494,-1.59241,0.368678,1.59504,-0.800842,0,-5.4759
-0.462113,1.77753,0.199732,1.70824,-0.471195,-1.5904,0.370012,1.59492,-0.803483,0,-5.4858
-0.459966,1.77509,0.200383,1.7087,-0.469897,-1.58838,0.371346,1.5948,-0.806124,0,-5.4957
-0.457818,1.77266,0.201034,1.70915,-0.468599,-1.58637,0.37268,1.59468,-0.808764,0,-5.5056
-0.455671,1.77023,0.201685,1.70961,-0.467302,-1.58435,0.374014,1.59456,-0.811405,0,-5.5155
-0.453525,1.7678,0.202336,1.71006,-0.466004,-1.58234,0.375349,1.59445,-0.814046,0,-5.5254
-0.451378,1.76537,0.202987,1.71052,-0.464706,-1.58032,0.376683,1.59433,-0.816687,0,-5.5353
-0.449232,1.76294,0.203638,1.71097,-0.463408,-1.57831,0.378017,1.59421,-0.819327,0,-5.5452
-0.447086,1.76052,0.204289,1.71143,-0.46211,-1.57629,0.379351,1.59409,-0.821968,0,-5.5551
-0.44494,1.75809,0.20494,1.71188,-0.460812,-1.57428,0.380686,1.59397,-0.824609,0,-5.565
-0.442795,1.75567,0.205591,1.71234,-0.459515,-1.57226,0.38202,1.59385,-0.82725,0,-5.5749
-0.440649,1.75325,0.206242,1.71279,-0.458217,-1.57025,0.383354,1.59374,-0.82989,0,-5.5848
-0.438504,1.75083,0.206893,1.71324,-0.456919,-1.56823,0.384688,1.59362,-0.832531,0,-5.5947
-0.436359,1.74842,0.207544,1.7137,-0.455621,-1.56621,0.386023,1.5935,-0.835172,0,-5.6046
-0.434214,1.746,0.208195,1.71415,-0.454323,-1.5642,0.387357,1.59338,-0.837812,0,-5.6145
-0.43207,1.74359,0.208846,1.71461,-0.453025,-1.56218,0.388691,1.59326,-0.840453,0,-5.6244
-0.429925,1.74118,0.209497,1.71506,-0.451728,-1.56017,0.390026,1.59314,-0.843094,0,-5.6343
-0.42778,1.73876,0.210148,1.71552,-0.45043,-1.55815,0.391361,1.59303,-0.845735,0,-5.6442
-0.425635,1.73635,0.210798,1.71597,-0.449132,-1.55614,0.392696,1.59291,-0.848377,0,-5.6541
-0.42349,1.73394,0.211449,1.71643,-0.447835,-1.55412,0.394031,1.59279,-0.851018,0,-5.664
-0.421346,1.73154,0.212099,1.71688,-0.446537,-1.55211,0.395366,1.59267,-0.85366,0,-5.6739
-0.419201,1.72913,0.21275,1.71734,-0.44524,-1.55009,0.396701,1.59255,-0.856301,0,-5.6838
-0.417057,1.72672,0.213401,1.7178,-0.443942,-1.54807,0.398036,1.59243,-0.858943,0,-5.6937
-0.414912,1.72432,0.214051,1.71825,-0.442645,-1.54606,0.399372,1.59232,-0.861584,0,-5.7036
-0.412768,1.72191,0.214702,1.71871,-0.441347,-1.54404,0.400707,1.5922,-0.864225,0,-5.7135
-0.410624,1.71951,0.215353,1.71916,-0.44005,-1.54203,0.402042,1.59208,-0.866867,0,-5.7234
-0.40848,1.71711,0.216003,1.71962,-0.438752,-1.54001,0.403377,1.59196,-0.869508,0,-5.7333
-0.406336,1.71471,0.216654,1.72007,-0.437455,-1.53799,0.404712,1.59184,-0.87215,0,-5.7432
-0.404192,1.71231,0.217305,1.72053,-0.436157,-1.53598,0.406048,1.59172,-0.874791,0,-5.7531
-0.402048,1.70991,0.217956,1.72098,-0.43486,-1.53396,0.407383,1.59161,-0.877433,0,-5.763
-0.399904,1.70751,0.218606,1.72144,-0.433562,-1.53195,0.408718,1.59149,-0.880074,0,-5.7729
-0.397761,1.70511,0.219257,1.72189,-0.432265,-1.52993,0.410053,1.59137,-0.882716,0,-5.7828
-0.395617,1.70272,0.219907,1.72235,-0.430967,-1.52791,0.411389,1.59125,-0.885357,0,-5.7927
-0.393473,1.70032,0.220558,1.7228,-0.429671,-1.5259,0.412724,1.59113,-0.887999,0,-5.8026
-0.39133,1.69792,0.221208,1.72326,-0.428374,-1.52388,0.41406,1.59102,-0.89064,0,-5.8125
-0.389186,1.69553,0.221858,1.72371,-0.427077,-1.52187,0.415395,1.5909,-0.893282,0,-5.8224
-0.387043,1.69313,0.222508,1.72417,-0.42578,-1.51985,0.416731,1.59078,-0.895923,0,-5.8323
-0.384899,1.69074,0.223158,1.72462,-0.424483,-1.51784,0.418067,1.59066,-0.898565,0,-5.8422
-0.382756,1.68835,0.223809,1.72508,-0.423187,-1.51582,0.419402,1.59055,-0.901206,0,-5.8521
-0.380612,1.68596,0.224459,1.72553,-0.42189,-1.51381,0.420738,1.59043,-0.903848,0,-5.862
-0.378469,1.68356,0.225109,1.72599,-0.420593,-1.51179,0.422074,1.59031,-0.906489,0,-5.8719
-0.376326,1.68117,0.225759,1.72644,-0.419296,-1.50978,0.423409,1.59019,-0.909131,0,-5.8818
-0.374182,1.67878,0.226409,1.7269,-0.417999,-1.50776,0.424745,1.59008,-0.911772,0,-5.8917
-0.372039,1.67639,0.22706,1.72735,-0.416702,-1.50575,0.426081,1.58996,-0.914414,0,-5.9016
-0.369896,1.674,0.22771,1.72781,-0.415406,-1.50373,0.427416,1.58984,-0.917055,0,-5.9115
-0.367753,1.67161,0.22836,1.72826,-0.414109,-1.50172,0.428752,1.58972,-0.919697,0,-5.9214
-0.36561,1.66923,0.22901,1.72871,-0.412812,-1.4997,0.430088,1.58961,-0.922339,0,-5.9313
-0.363467,1.66684,0.22966,1.72917,-0.411515,-1.49769,0.431423,1.58949,-0.92498,0,-5.9412
-0.361323,1.66445,0.23031,1.72962,-0.410219,-1.49567,0.43276,1.58937,-0.927622,0,-5.9511
-0.35918,1.66206,0.23096,1.73008,-0.408923,-1.49365,0.434096,1.58925,-0.930263,0,-5.961
-0.357037,1.65968,0.23161,1.73054,-0.407627,-1.49164,0.435432,1.58913,-0.932905,0,-5.9709
-0.354894,1.65729,0.232259,1.73099,-0.406331,-1.48962,0.436768,1.58902,-0.935547,0,-5.9808
-0.352751,1.6549,0.232909,1.73145,-0.405035,-1.48761,0.438105,1.5889,-0.938188,0,-5.9907
-0.350608,1.65252,0.233559,1.7319,-0.403739,-1.48559,0.439441,1.58878,-0.94083,0,-6.0006
-0.348465,1.65013,0.234208,1.73236,-0.402442,-1.48358,0.440777,1.58866,-0.943472,0,-6.0105
-0.346322,1.64775,0.234858,1.73281,-0.401146,-1.48156,0.442113,1.58855,-0.946113,0,-6.0204
-0.344179,1.64536,0.235508,1.73327,-0.39985,-1.47955,0.443449,1.58843,-0.948755,0,-6.0303
-0.342036,1.64298,0.236158,1.73372,-0.398554,-1.47753,0.444786,1.58831,-0.951397,0,-6.0402
-0.339893,1.64059,0.236807,1.73418,-0.397258,-1.47552,0.446122,1.58819,-0.954038,0,-6.0501
-0.33775,1.63821,0.237457,1.73463,-0.395962,-1.4735,0.447458,1.58808,-0.95668,0,-6.06
-0.335607,1.63582,0.238107,1.73509,-0.394665,-1.47149,0.448794,1.58796,-0.959322,0,-6.0699
-0.333464,1.63344,0.238757,1.73554,-0.393369,-1.46947,0.450131,1.58784,-0.961963,0,-6.0798
-0.331321,1.63106,0.239406,1.736,-0.392073,-1.46746,0.451467,1.58772,-0.964605,0,-6.0897
-0.329178,1.62868,0.240056,1.73646,-0.390777,-1.46544,0.452804,1.58761,-0.967248,0,-6.0996
-0.327034,1.62629,0.240705,1.73691,-0.389482,-1.46342,0.454141,1.58749,-0.96989,0,-6.1095
-0.32489,1.62391,0.241355,1.73737,-0.388186,-1.46141,0.455478,1.58737,-0.972533,0,-6.1194
-0.322747,1.62153,0.242004,1.73782,-0.38689,-1.45939,0.456815,1.58726,-0.975175,0,-6.1293
-0.320603,1.61915,0.242653,1.73828,-0.385594,-1.45737,0.458152,1.58714,-0.977818,0,-6.1392
-0.31846,1.61676,0.243303,1.73873,-0.384298,-1.45536,0.459489,1.58702,-0.98046,0,-6.1491
-0.316316,1.61438,0.243952,1.73919,-0.383003,-1.45334,0.460826,1.5869,-0.983103,0,-6.159
-0.314173,1.612,0.244602,1.73964,-0.381707,-1.45132,0.462163,1.58679,-0.985745,0,-6.1689
-0.312029,1.60962,0.245251,1.7401,-0.380411,-1.44931,0.4635,1.58667,-0.988388,0,-6.1788
-0.309886,1.60724,0.2459,1.74055,-0.379115,-1.44729,0.464837,1.58655,-0.99103,0,-6.1887
-0.307742,1.60486,0.24655,1.74101,-0.377819,-1.44528,0.466174,1.58644,-0.993673,0,-6.1986
-0.305599,1.60248,0.247199,1.74147,-0.376524,-1.44326,0.467511,1.58632,-0.996315,0,-6.2085
-0.303455,1.6001,0.247849,1.74192,-0.375228,-1.44124,0.468848,1.5862,-0.998958,0,-6.2184
-0.301312,1.59772,0.248498,1.74238,-0.373932,-1.43923,0.470185,1.58609,-1.0016,0,-6.2283
-0.299168,1.59534,0.249147,1.74283,-0.372636,-1.43721,0.471522,1.58597,-1.00424,0,-6.2382
-0.297024,1.59296,0.249797,1.74329,-0.371341,-1.43519,0.47286,1.58585,-1.00689,0,-6.2481
-0.29488,1.59058,0.250446,1.74374,-0.370045,-1.43318,0.474198,1.58573,-1.00953,0,-6.258
-0.292736,1.5882,0.251095,1.7442,-0.36875,-1.43116,0.475536,1.58562,-1.01217,0,-6.2679
-0.290591,1.58582,0.251744,1.74466,-0.367454,-1.42915,0.476873,1.5855,-1.01481,0,-6.2778
-0.288447,1.58344,0.252393,1.74511,-0.366159,-1.42713,0.478211,1.58538,-1.01746,0,-6.2877
-0.286303,1.58106,0.253042,1.74557,-0.364863,-1.42511,0.479549,1.58527,-1.0201,0,-6.2976
-0.284159,1.57868,0.253691,1.74603,-0.363568,-1.4231,0.480887,1.58515,-1.02274,0,-6.3075
-0.282015,1.5763,0.25434,1.74648,-0.362272,-1.42108,0.482225,1.58503,-1.02539,0,-6.3174
-0.27987,1.57392,0.254989,1.74694,-0.360977,-1.41907,0.483563,1.58492,-1.02803,0,-6.3273
-0.277726,1.57154,0.255638,1.74739,-0.359681,-1.41705,0.484901,1.5848,-1.03067,0,-6.3372
-0.275582,1.56916,0.256287,1.74785,-0.358386,-1.41504,0.486239,1.58468,-1.03332,0,-6.3471
-0.273438,1.56679,0.256936,1.74831,-0.35709,-1.41302,0.487577,1.58456,-1.03596,0,-6.357
-0.271294,1.56441,0.257586,1.74876,-0.355795,-1.411,0.488915,1.58445,-1.0386,0,-6.3669
-0.269149,1.56203,0.258235,1.74922,-0.354499,-1.40899,0.490252,1.58433,-1.04124,0,-6.3768
-0.267005,1.55965,0.258884,1.74968,-0.353204,-1.40697,0.49159,1.58421,-1.04389,0,-6.3867
-0.264861,1.55727,0.259532,1.75013,-0.351909,-1.40496,0.492929,1.5841,-1.04653,0,-6.3966
-0.262717,1.55489,0.260181,1.75059,-0.350614,-1.40294,0.494267,1.58398,-1.04917,0,-6.4065
-0.260572,1.55252,0.26083,1.75104,-0.349319,-1.40092,0.495605,1.58386,-1.05182,0,-6.4164
-0.258428,1.55014,0.261478,1.7515,-0.348024,-1.39891,0.496944,1.58375,-1.05446,0,-6.4263
-0.256284,1.54776,0.262127,1.75195,-0.34673,-1.39689,0.498282,1.58363,-1.0571,0,-6.4362
-0.25414,1.54538,0.262775,1.75241,-0.345435,-1.39488,0.49962,1.58351,-1.05975,0,-6.4461
-0.251996,1.543,0.263424,1.75287,-0.34414,-1.39286,0.500959,1.58339,-1.06239,0,-6.456
-0.249851,1.54063,0.264072,1.75332,-0.342845,-1.39084,0.502297,1.58328,-1.06504,0,-6.4659
-0.247707,1.53825,0.264721,1.75378,-0.34155,-1.38883,0.503635,1.58316,-1.06768,0,-6.4758
-0.245563,1.53587,0.265369,1.75423,-0.340255,-1.38681,0.504974,1.58304,-1.07032,0,-6.4857
-0.243419,1.53349,0.266018,1.75469,-0.33896,-1.38479,0.506312,1.58293,-1.07297,0,-6.4956
-0.241274,1.53112,0.266667,1.75514,-0.337666,-1.38278,0.50765,1.58281,-1.07561,0,-6.5055
-0.23913,1.52874,0.267315,1.7556,-0.336371,-1.38076,0.508989,1.58269,-1.07825,0,-6.5154
-0.236986,1.52636,0.267964,1.75605,-0.335076,-1.37874,0.510327,1.58257,-1.0809,0,-6.5253
-0.234842,1.52398,0.268612,1.75651,-0.333781,-1.37673,0.511666,1.58246,-1.08354,0,-6.5352
-0.232697,1.52161,0.269261,1.75697,-0.332486,-1.37471,0.513004,1.58234,-1.08618,0,-6.5451
-0.230552,1.51923,0.269909,1.75742,-0.331192,-1.37269,0.514344,1.58222,-1.08883,0,-6.555
-0.228407,1.51685,0.270557,1.75788,-0.329897,-1.37068,0.515683,1.58211,-1.09147,0,-6.5649
-0.226262,1.51447,0.271206,1.75834,-0.328603,-1.36866,0.517022,1.58199,-1.09411,0,-6.5748
-0.224117,1.5121,0.271854,1.75879,-0.327308,-1.36664,0.518361,1.58188,-1.09676,0,-6.5847
-0.221972,1.50972,0.272502,1.75925,-0.326014,-1.36463,0.5197,1.58176,-1.0994,0,-6.5946
-0.219828,1.50734,0.273151,1.7597,-0.324719,-1.36261,0.521039,1.58164,-1.10205,0,-6.6045
-0.217683,1.50497,0.273799,1.76016,-0.323425,-1.36059,0.522379,1.58153,-1.10469,0,-6.6144
-0.215538,1.50259,0.274447,1.76062,-0.32213,-1.35858,0.523718,1.58141,-1.10733,0,-6.6243
-0.213393,1.50021,0.275096,1.76107,-0.320836,-1.35656,0.525057,1.58129,-1.10998,0,-6.6342
-0.211248,1.49784,0.275744,1.76153,-0.319541,-1.35454,0.526396,1.58118,-1.11262,0,-6.6441
-0.209103,1.49546,0.276393,1.76199,-0.318247,-1.35252,0.527735,1.58106,-1.11526,0,-6.654
-0.206958,1.49308,0.277041,1.76244,-0.316952,-1.35051,0.529075,1.58094,-1.11791,0,-6.6639
-0.204813,1.4907,0.277689,1.7629,-0.315658,-1.34849,0.530414,1.58083,-1.12055,0,-6.6738
-0.202668,1.48833,0.278338,1.76336,-0.314363,-1.34647,0.531753,1.58071,-1.1232,0,-6.6837
-0.200523,1.48595,0.278986,1.76381,-0.313069,-1.34446,0.533092,1.5806,-1.12584,0,-6.6936
-0.198378,1.48357,0.279634,1.76427,-0.311775,-1.34244,0.534432,1.58048,-1.12848,0,-6.7035
-0.196233,1.4812,0.280281,1.76473,-0.310481,-1.34042,0.535771,1.58036,-1.13113,0,-6.7134
-0.194088,1.47882,0.280929,1.76518,-0.309187,-1.33841,0.537111,1.58025,-1.13377,0,-6.7233
-0.191943,1.47644,0.281577,1.76564,-0.307893,-1.33639,0.538451,1.58013,-1.13642,0,-6.7332
-0.189798,1.47407,0.282225,1.76609,-0.306599,-1.33438,0.53979,1.58002,-1.13906,0,-6.7431
-0.187652,1.47169,0.282873,1.76655,-0.305305,-1.33236,0.54113,1.5799,-1.1417,0,-6.753
-0.185507,1.46931,0.283521,1.76701,-0.304011,-1.33034,0.542469,1.57979,-1.14435,0,-6.7629
-0.183362,1.46694,0.284168,1.76746,-0.302718,-1.32833,0.543809,1.57967,-1.14699,0,-6.7728
-0.181217,1.46456,0.284816,1.76792,-0.301424,-1.32631,0.545149,1.57955,-1.14964,0,-6.7827
-0.179072,1.46218,0.285464,1.76838,-0.30013,-1.32429,0.546488,1.57944,-1.15228,0,-6.7926
-0.176927,1.45981,0.286112,1.76883,-0.298836,-1.32228,0.547828,1.57932,-1.15493,0,-6.8025
-0.174782,1.45743,0.28676,1.76929,-0.297542,-1.32026,0.549167,1.57921,-1.15757,0,-6.8124
-0.172637,1.45506,0.287407,1.76975,-0.296248,-1.31825,0.550507,1.57909,-1.16021,0,-6.8223
-0.170492,1.45268,0.288055,1.7702,-0.294954,-1.31623,0.551846,1.57897,-1.16286,0,-6.8322
-0.168346,1.4503,0.288703,1.77066,-0.29366,-1.31421,0.553186,1.57886,-1.1655,0,-6.8421
-0.166201,1.44793,0.289351,1.77111,-0.292367,-1.3122,0.554526,1.57874,-1.16815,0,-6.852
-0.164055,1.44555,0.289998,1.77157,-0.291073,-1.31018,0.555867,1.57863,-1.17079,0,-6.8619
-0.161909,1.44317,0.290646,1.77203,-0.28978,-1.30816,0.557207,1.57851,-1.17344,0,-6.8718
-0.159764,1.4408,0.291294,1.77248,-0.288486,-1.30614,0.558547,1.57839,-1.17608,0,-6.8817
-0.157618,1.43842,0.291941,1.77294,-0.287193,-1.30413,0.559888,1.57828,-1.17873,0,-6.8916
-0.155472,1.43604,0.292589,1.7734,-0.285899,-1.30211,0.561228,1.57816,-1.18137,0,-6.9015
-0.153326,1.43367,0.293236,1.77385,-0.284605,-1.30009,0.562569,1.57804,-1.18402,0,-6.9114
-0.151182,1.43129,0.293884,1.77431,-0.283312,-1.29807,0.563908,1.57793,-1.18666,0,-6.9213
-0.149041,1.42892,0.29453,1.77477,-0.282022,-1.29606,0.565246,1.57781,-1.1893,0,-6.9312
-0.146906,1.42656,0.295174,1.77522,-0.280735,-1.29405,0.566579,1.5777,-1.19193,0,-6.9411
-0.144779,1.4242,0.295816,1.77567,-0.279452,-1.29205,0.567908,1.57758,-1.19456,0,-6.951
-0.142658,1.42185,0.296456,1.77612,-0.278174,-1.29006,0.569232,1.57747,-1.19717,0,-6.9609
-0.140545,1.41951,0.297094,1.77657,-0.2769,-1.28807,0.570553,1.57735,-1.19977,0,-6.9708
-0.138438,1.41718,0.29773,1.77702,-0.27563,-1.28609,0.571869,1.57724,-1.20237,0,-6.9807
-0.136338,1.41485,0.298364,1.77747,-0.274364,-1.28412,0.573181,1.57712,-1.20496,0,-6.9906
-0.134244,1.41253,0.298996,1.77791,-0.273102,-1.28215,0.574489,1.57701,-1.20754,0,-7.0005
-0.132156,1.41022,0.299625,1.77836,-0.271844,-1.28019,0.575793,1.5769,-1.21011,0,-7.0104
-0.130076,1.40792,0.300253,1.7788,-0.270591,-1.27823,0.577093,1.57679,-1.21268,0,-7.0203
-0.128002,1.40562,0.300878,1.77924,-0.269341,-1.27628,0.578389,1.57667,-1.21524,0,-7.0302
-0.125935,1.40333,0.301502,1.77968,-0.268095,-1.27434,0.579681,1.57656,-1.21778,0,-7.0401
-0.123874,1.40105,0.302124,1.78012,-0.266854,-1.2724,0.580968,1.57645,-1.22032,0,-7.05
-0.121821,1.39878,0.302743,1.78056,-0.265617,-1.27047,0.582251,1.57634,-1.22286,0,-7.0599
-0.119774,1.39651,0.30336,1.781,-0.264384,-1.26855,0.58353,1.57623,-1.22538,0,-7.0698
-0.117734,1.39425,0.303975,1.78143,-0.263155,-1.26663,0.584804,1.57612,-1.22789,0,-7.0797
-0.115701,1.392,0.304589,1.78186,-0.261929,-1.26472,0.586074,1.57601,-1.2304,0,-7.0896
-0.113674,1.38976,0.3052,1.7823,-0.260708,-1.26282,0.587341,1.57591,-1.2329,0,-7.0995
-0.111654,1.38752,0.305809,1.78273,-0.259491,-1.26092,0.588603,1.5758,-1.23539,0,-7.1094
-0.109641,1.38529,0.306417,1.78316,-0.258278,-1.25903,0.589861,1.57569,-1.23787,0,-7.1193
-0.107634,1.38307,0.307022,1.78358,-0.257069,-1.25714,0.591114,1.57558,-1.24034,0,-7.1292
-0.105634,1.38085,0.307625,1.78401,-0.255864,-1.25526,0.592364,1.57547,-1.24281,0,-7.1391
-0.103641,1.37865,0.308227,1.78443,-0.254663,-1.25339,0.59361,1.57537,-1.24526,0,-7.149
-0.101655,1.37645,0.308825,1.78486,-0.253467,-1.25152,0.594851,1.57526,-1.24771,0,-7.1589
-0.0996753,1.37426,0.309422,1.78528,-0.252275,-1.24966,0.596088,1.57515,-1.25015,0,-7.1688
-0.0977026,1.37207,0.310016,1.7857,-0.251087,-1.2478,0.59732,1.57505,-1.25258,0,-7.1787
-0.0957365,1.3699,0.310609,1.78612,-0.249903,-1.24596,0.598549,1.57494,-1.25501,0,-7.1886
-0.0937771,1.36773,0.3112,1.78654,-0.248723,-1.24411,0.599774,1.57484,-1.25742,0,-7.1985
-0.0918243,1.36557,0.311788,1.78695,-0.247547,-1.24228,0.600994,1.57473,-1.25983,0,-7.2084
-0.0898782,1.36341,0.312375,1.78737,-0.246375,-1.24045,0.60221,1.57463,-1.26223,0,-7.2183
-0.0879387,1.36127,0.312959,1.78778,-0.245207,-1.23862,0.603422,1.57452,-1.26462,0,-7.2282
-0.0860059,1.35913,0.313542,1.78819,-0.244043,-1.23681,0.60463,1.57442,-1.267,0,-7.2381
-0.0840797,1.35699,0.314123,1.7886,-0.242883,-1.235,0.605834,1.57431,-1.26937,0,-7.248
-0.082161,1.35487,0.314701,1.78901,-0.241727,-1.23319,0.607033,1.57421,-1.27174,0,-7.2579
-0.080249,1.35275,0.315277,1.78942,-0.240576,-1.2314,0.608228,1.57411,-1.2741,0,-7.2678
-0.0783436,1.35064,0.315852,1.78982,-0.239428,-1.2296,0.609418,1.574,-1.27644,0,-7.2777
-0.0764448,1.34854,0.316424,1.79023,-0.238285,-1.22782,0.610605,1.5739,-1.27878,0,-7.2876
-0.0745527,1.34645,0.316994,1.79063,-0.237145,-1.22604,0.611787,1.5738,-1.28112,0,-7.2975
-0.0726673,1.34436,0.317562,1.79103,-0.23601,-1.22427,0.612966,1.5737,-1.28344,0,-7.3074
-0.0707885,1.34228,0.318129,1.79143,-0.234878,-1.2225,0.61414,1.5736,-1.28576,0,-7.3173
-0.0689162,1.34021,0.318693,1.79183,-0.233751,-1.22074,0.61531,1.5735,-1.28806,0,-7.3272
-0.0670506,1.33814,0.319255,1.79223,-0.232628,-1.21899,0.616476,1.5734,-1.29036,0,-7.3371
-0.0651917,1.33609,0.319815,1.79263,-0.231509,-1.21724,0.617638,1.5733,-1.29265,0,-7.347
-0.0633402,1.33404,0.320373,1.79302,-0.230395,-1.2155,0.618795,1.5732,-1.29494,0,-7.3569
-0.0614954,1.33199,0.320929,1.79341,-0.229284,-1.21376,0.619948,1.5731,-1.29721,0,-7.3668
-0.0596572,1.32996,0.321482,1.7938,-0.228178,-1.21204,0.621097,1.573,-1.29948,0,-7.3767
-0.0578256,1.32793,0.322034,1.79419,-0.227075,-1.21031,0.622242,1.5729,-1.30173,0,-7.3866
-0.0560008,1.32591,0.322584,1.79458,-0.225977,-1.2086,0.623383,1.57281,-1.30398,0,-7.3965
-0.0541825,1.3239,0.323132,1.79497,-0.224883,-1.20689,0.624519,1.57271,-1.30622,0,-7.4064
-0.0523709,1.3219,0.323678,1.79536,-0.223792,-1.20519,0.625651,1.57261,-1.30846,0,-7.4163
-0.050566,1.3199,0.324221,1.79574,-0.222706,-1.20349,0.626779,1.57252,-1.31068,0,-7.4262
-0.0487677,1.31791,0.324763,1.79612,-0.221623,-1.2018,0.627903,1.57242,-1.3129,0,-7.4361
-0.0469761,1.31592,0.325303,1.79651,-0.220545,-1.20011,0.629023,1.57233,-1.31511,0,-7.446
-0.0451919,1.31395,0.32584,1.79689,-0.219471,-1.19844,0.630138,1.57223,-1.3173,0,-7.4559
-0.0434144,1.31198,0.326376,1.79726,-0.218401,-1.19677,0.631249,1.57214,-1.3195,0,-7.4658
-0.0416436,1.31002,0.32691,1.79764,-0.217335,-1.1951,0.632356,1.57204,-1.32168,0,-7.4757
-0.0398794,1.30807,0.327441,1.79802,-0.216273,-1.19344,0.633459,1.57195,-1.32385,0,-7.4856
-0.0381217,1.30612,0.327971,1.79839,-0.215215,-1.19179,0.634558,1.57185,-1.32602,0,-7.4955
-0.0363707,1.30419,0.328498,1.79877,-0.214162,-1.19015,0.635652,1.57176,-1.32818,0,-7.5054
-0.0346262,1.30225,0.329023,1.79914,-0.213112,-1.18851,0.636743,1.57167,-1.33033,0,-7.5153
-0.0328883,1.30033,0.329547,1.79951,-0.212066,-1.18687,0.637829,1.57157,-1.33247,0,-7.5252
-0.0311571,1.29842,0.330068,1.79988,-0.211025,-1.18525,0.638912,1.57148,-1.3346,0,-7.5351
-0.0294325,1.29651,0.330587,1.80024,-0.209987,-1.18362,0.63999,1.57139,-1.33673,0,-7.545
-0.0277155,1.29461,0.331104,1.80061,-0.208954,-1.18201,0.641063,1.5713,-1.33884,0,-7.5549
-0.026005,1.29272,0.33162,1.80097,-0.207925,-1.1804,0.642132,1.5712,-1.34095,0,-7.5648
-0.0243013,1.29083,0.332133,1.80134,-0.2069,-1.1788,0.643198,1.57111,-1.34305,0,-7.5747
-0.0226041,1.28895,0.332644,1.8017,-0.205879,-1.17721,0.644259,1.57102,-1.34514,0,-7.5846
-0.0209137,1.28708,0.333153,1.80206,-0.204862,-1.17562,0.645315,1.57093,-1.34723,0,-7.5945
-0.0192299,1.28522,0.33366,1.80242,-0.203849,-1.17404,0.646368,1.57084,-1.3493,0,-7.6044
-0.0175527,1.28336,0.334165,1.80277,-0.20284,-1.17246,0.647417,1.57075,-1.35137,0,-7.6143
-0.0158822,1.28151,0.334668,1.80313,-0.201835,-1.17089,0.648461,1.57066,-1.35343,0,-7.6242
-0.0142183,1.27967,0.335169,1.80348,-0.200834,-1.16933,0.649501,1.57057,-1.35548,0,-7.6341
-0.0125611,1.27784,0.335668,1.80384,-0.199836,-1.16777,0.650537,1.57048,-1.35752,0,-7.644
-0.0109114,1.27601,0.336165,1.80419,-0.198844,-1.16622,0.651569,1.57039,-1.35956,0,-7.6539
-0.0092683,1.2742,0.33666,1.80454,-0.197855,-1.16468,0.652596,1.57031,-1.36158,0,-7.6638
-0.00763187,1.27238,0.337153,1.80489,-0.196871,-1.16314,0.653619,1.57022,-1.3636,0,-7.6737
-0.00600211,1.27058,0.337643,1.80523,-0.19589,-1.16161,0.654638,1.57013,-1.36561,0,-7.6836
-0.00437911,1.26879,0.338132,1.80558,-0.194914,-1.16008,0.655652,1.57004,-1.36761,0,-7.6935
-0.00276284,1.267,0.338619,1.80593,-0.193942,-1.15856,0.656663,1.56996,-1.3696,0,-7.7034
-0.00115322,1.26522,0.339103,1.80627,-0.192974,-1.15705,0.657669,1.56987,-1.37158,0,-7.7133
0.000449745,1.26344,0.339586,1.80661,-0.19201,-1.15554,0.658672,1.56979,-1.37356,0,-7.7232
0.00204606,1.26168,0.340066,1.80695,-0.19105,-1.15404,0.65967,1.5697,-1.37553,0,-7.7331
0.00363572,1.25992,0.340544,1.80729,-0.190094,-1.15254,0.660663,1.56962,-1.37749,0,-7.743
0.0052179,1.25817,0.341021,1.80763,-0.189142,-1.15106,0.661653,1.56953,-1.37944,0,-7.7529
0.00679342,1.25642,0.341495,1.80796,-0.188195,-1.14957,0.662638,1.56945,-1.38138,0,-7.7628
0.0083623,1.25469,0.341967,1.8083,-0.187251,-1.1481,0.663619,1.56936,-1.38331,0,-7.7727
0.00992452,1.25296,0.342437,1.80863,-0.186312,-1.14663,0.664595,1.56928,-1.38524,0,-7.7826
0.0114801,1.25124,0.342905,1.80896,-0.185376,-1.14517,0.665568,1.5692,-1.38716,0,-7.7925
0.013029,1.24952,0.343372,1.80929,-0.184445,-1.14371,0.666537,1.56912,-1.38907,0,-7.8024
0.0145713,1.24782,0.343836,1.80962,-0.183517,-1.14226,0.667501,1.56903,-1.39097,0,-7.8123
0.0161069,1.24612,0.344298,1.80995,-0.182594,-1.14082,0.668461,1.56895,-1.39286,0,-7.8222
0.0176359,1.24443,0.344758,1.81028,-0.181674,-1.13938,0.669417,1.56887,-1.39475,0,-7.8321
0.0191582,1.24274,0.345216,1.8106,-0.180759,-1.13795,0.670369,1.56879,-1.39662,0,-7.842
0.020673,1.24107,0.345672,1.81092,-0.179848,-1.13652,0.671316,1.56871,-1.39849,0,-7.8519
0.0221812,1.2394,0.346126,1.81125,-0.178941,-1.1351,0.672259,1.56863,-1.40035,0,-7.8618
0.0236827,1.23774,0.346578,1.81157,-0.178038,-1.13369,0.673198,1.56855,-1.4022,0,-7.8717
0.0251776,1.23608,0.347028,1.81189,-0.177139,-1.13229,0.674132,1.56847,-1.40404,0,-7.8816
0.0266658,1.23443,0.347476,1.8122,-0.176244,-1.13089,0.675063,1.56839,-1.40588,0,-7.8915
0.0281476,1.2328,0.347922,1.81252,-0.175353,-1.12949,0.675989,1.56831,-1.4077,0,-7.9014
0.0296228,1.23116,0.348366,1.81283,-0.174466,-1.12811,0.676912,1.56823,-1.40952,0,-7.9113
0.0310914,1.22954,0.348808,1.81315,-0.173583,-1.12673,0.67783,1.56815,-1.41133,0,-7.9212
0.0325534,1.22792,0.349248,1.81346,-0.172705,-1.12535,0.678744,1.56807,-1.41313,0,-7.9311
0.0340087,1.22631,0.349686,1.81377,-0.17183,-1.12398,0.679654,1.568,-1.41493,0,-7.941
0.0354565,1.22471,0.350121,1.81408,-0.17096,-1.12262,0.68056,1.56792,-1.41671,0,-7.9509
0.0368976,1.22312,0.350555,1.81439,-0.170093,-1.12127,0.681461,1.56784,-1.41849,0,-7.9608
0.0383321,1.22153,0.350986,1.81469,-0.169231,-1.11992,0.682358,1.56777,-1.42026,0,-7.9707
0.03976,1.21995,0.351416,1.815,-0.168373,-1.11858,0.683251,1.56769,-1.42202,0,-7.9806
0.0411812,1.21838,0.351844,1.8153,-0.167519,-1.11724,0.684139,1.56761,-1.42377,0,-7.9905
0.0425957,1.21681,0.352269,1.8156,-0.166668,-1.11591,0.685024,1.56754,-1.42551,0,-8.0004
0.0440036,1.21526,0.352693,1.8159,-0.165822,-1.11459,0.685904,1.56746,-1.42725,0,-8.0103
0.0454048,1.21371,0.353115,1.8162,-0.16498,-1.11327,0.68678,1.56739,-1.42897,0,-8.0202
0.0467994,1.21216,0.353534,1.8165,-0.164141,-1.11196,0.687652,1.56731,-1.43069,0,-8.0301
0.0481873,1.21063,0.353952,1.81679,-0.163307,-1.11066,0.68852,1.56724,-1.4324,0,-8.04
0.0495677,1.2091,0.354367,1.81709,-0.162477,-1.10936,0.689384,1.56717,-1.4341,0,-8.0499
0.0509415,1.20758,0.35478,1.81738,-0.161652,-1.10807,0.690243,1.56709,-1.4358,0,-8.0598
0.0523087,1.20607,0.355192,1.81767,-0.16083,-1.10678,0.691097,1.56702,-1.43748,0,-8.0697
0.0536691,1.20457,0.355601,1.81796,-0.160012,-1.1055,0.691948,1.56695,-1.43916,0,-8.0796
0.055023,1.20307,0.356009,1.81825,-0.159198,-1.10423,0.692795,1.56688,-1.44083,0,-8.0895
0.0563701,1.20158,0.356414,1.81854,-0.158388,-1.10296,0.693637,1.5668,-1.44249,0,-8.0994
0.0577106,1.20009,0.356817,1.81883,-0.157583,-1.1017,0.694475,1.56673,-1.44414,0,-8.1093
0.0590445,1.19862,0.357219,1.81911,-0.156781,-1.10045,0.695309,1.56666,-1.44578,0,-8.1192
0.0603716,1.19715,0.357618,1.81939,-0.155983,-1.0992,0.696139,1.56659,-1.44742,0,-8.1291
0.0616921,1.19569,0.358015,1.81968,-0.15519,-1.09796,0.696965,1.56652,-1.44905,0,-8.139
0.063005,1.19424,0.35841,1.81996,-0.154401,-1.09673,0.697786,1.56645,-1.45066,0,-8.1489
0.0643113,1.19279,0.358803,1.82024,-0.153616,-1.0955,0.698603,1.56638,-1.45227,0,-8.1588
0.0656109,1.19136,0.359194,1.82051,-0.152835,-1.09428,0.699416,1.56631,-1.45388,0,-8.1687
0.0669039,1.18993,0.359583,1.82079,-0.152058,-1.09306,0.700225,1.56624,-1.45547,0,-8.1786
0.0681902,1.1885,0.35997,1.82106,-0.151285,-1.09185,0.701029,1.56618,-1.45706,0,-8.1885
0.0694698,1.18709,0.360355,1.82134,-0.150516,-1.09065,0.701829,1.56611,-1.45863,0,-8.1984
0.0707428,1.18568,0.360738,1.82161,-0.149751,-1.08945,0.702625,1.56604,-1.4602,0,-8.2083
0.0720092,1.18428,0.361119,1.82188,-0.14899,-1.08826,0.703417,1.56597,-1.46176,0,-8.2182
0.0732689,1.18289,0.361498,1.82215,-0.148233,-1.08707,0.704205,1.56591,-1.46332,0,-8.2281
0.0745219,1.1815,0.361875,1.82242,-0.14748,-1.0859,0.704989,1.56584,-1.46486,0,-8.238
0.0757675,1.18012,0.362249,1.82268,-0.146732,-1.08473,0.705768,1.56577,-1.4664,0,-8.2479
0.0770064,1.17875,0.362622,1.82295,-0.145987,-1.08356,0.706543,1.56571,-1.46792,0,-8.2578
0.0782386,1.17739,0.362993,1.82321,-0.145247,-1.0824,0.707313,1.56564,-1.46944,0,-8.2677
0.0794642,1.17603,0.363361,1.82347,-0.14451,-1.08125,0.70808,1.56558,-1.47095,0,-8.2776
0.0806832,1.17468,0.363728,1.82373,-0.143778,-1.0801,0.708842,1.56551,-1.47246,0,-8.2875
0.0818955,1.17334,0.364093,1.82399,-0.143049,-1.07896,0.7096,1.56545,-1.47395,0,-8.2974
0.0831011,1.17201,0.364455,1.82425,-0.142325,-1.07783,0.710354,1.56539,-1.47544,0,-8.3073
0.0843001,1.17068,0.364816,1.82451,-0.141604,-1.0767,0.711104,1.56532,-1.47691,0,-8.3172
0.0854924,1.16936,0.365175,1.82476,-0.140888,-1.07558,0.71185,1.56526,-1.47838,0,-8.3271
0.0866781,1.16805,0.365531,1.82501,-0.140176,-1.07447,0.712591,1.5652,-1.47985,0,-8.337
0.0878563,1.16675,0.365886,1.82527,-0.139468,-1.07336,0.713328,1.56513,-1.4813,0,-8.3469
0.0890278,1.16545,0.366238,1.82552,-0.138764,-1.07226,0.714061,1.56507,-1.48274,0,-8.3568
0.0901927,1.16417,0.366589,1.82576,-0.138064,-1.07116,0.714789,1.56501,-1.48418,0,-8.3667
0.0913509,1.16288,0.366937,1.82601,-0.137368,-1.07007,0.715514,1.56495,-1.48561,0,-8.3766
0.0925025,1.16161,0.367283,1.82626,-0.136676,-1.06899,0.716234,1.56489,-1.48703,0,-8.3865
0.0936475,1.16034,0.367628,1.8265,-0.135988,-1.06791,0.71695,1.56483,-1.48844,0,-8.3964
0.0947858,1.15908,0.36797,1.82674,-0.135304,-1.06684,0.717662,1.56477,-1.48984,0,-8.4063
0.0959174,1.15783,0.368311,1.82699,-0.134624,-1.06578,0.71837,1.56471,-1.49124,0,-8.4162
0.0970424,1.15659,0.368649,1.82723,-0.133949,-1.06472,0.719073,1.56465,-1.49262,0,-8.4261
0.0981608,1.15535,0.368985,1.82746,-0.133277,-1.06367,0.719773,1.56459,-1.494,0,-8.436
0.0992717,1.15412,0.369319,1.8277,-0.132609,-1.06262,0.720468,1.56453,-1.49537,0,-8.4459
0.100376,1.1529,0.369651,1.82794,-0.131946,-1.06159,0.721158,1.56447,-1.49673,0,-8.4558
0.101473,1.15169,0.369982,1.82817,-0.131287,-1.06055,0.721845,1.56441,-1.49808,0,-8.4657
0.102564,1.15048,0.37031,1.8284,-0.130632,-1.05953,0.722527,1.56436,-1.49943,0,-8.4756
0.103649,1.14928,0.370636,1.82864,-0.12998,-1.05851,0.723205,1.5643,-1.50077,0,-8.4855
0.104726,1.14809,0.37096,1.82887,-0.129333,-1.05749,0.723879,1.56424,-1.50209,0,-8.4954
0.105797,1.1469,0.371282,1.82909,-0.12869,-1.05649,0.724549,1.56419,-1.50341,0,-8.5053
0.106861,1.14573,0.371602,1.82932,-0.12805,-1.05549,0.725215,1.56413,-1.50473,0,-8.5152
0.107919,1.14456,0.37192,1.82955,-0.127415,-1.05449,0.725876,1.56407,-1.50603,0,-8.5251
0.10897,1.1434,0.372236,1.82977,-0.126784,-1.0535,0.726533,1.56402,-1.50732,0,-8.535
0.110014,1.14224,0.37255,1.82999,-0.126157,-1.05252,0.727186,1.56396,-1.50861,0,-8.5449
0.11105,1.14109,0.372862,1.83021,-0.125534,-1.05155,0.727835,1.56391,-1.50989,0,-8.5548
0.112081,1.13995,0.373172,1.83043,-0.124915,-1.05058,0.728479,1.56385,-1.51116,0,-8.5647
0.113104,1.13882,0.37348,1.83065,-0.124301,-1.04962,0.729119,1.5638,-1.51242,0,-8.5746
0.114121,1.1377,0.373785,1.83087,-0.12369,-1.04866,0.729755,1.56375,-1.51367,0,-8.5845
0.115131,1.13658,0.374089,1.83108,-0.123083,-1.04771,0.730387,1.56369,-1.51492,0,-8.5944
0.116135,1.13547,0.374391,1.8313,-0.12248,-1.04677,0.731015,1.56364,-1.51616,0,-8.6043
0.117132,1.13437,0.374691,1.83151,-0.121881,-1.04583,0.731638,1.56359,-1.51739,0,-8.6142
0.118122,1.13327,0.374989,1.83172,-0.121286,-1.0449,0.732258,1.56354,-1.51861,0,-8.6241
0.119106,1.13218,0.375285,1.83193,-0.120696,-1.04397,0.732873,1.56348,-1.51982,0,-8.634
0.120082,1.1311,0.375578,1.83214,-0.120109,-1.04306,0.733483,1.56343,-1.52102,0,-8.6439
0.121051,1.13003,0.37587,1.83235,-0.119527,-1.04214,0.73409,1.56338,-1.52222,0,-8.6538
0.122014,1.12897,0.376159,1.83255,-0.118948,-1.04124,0.734692,1.56333,-1.5234,0,-8.6637
0.12297,1.12791,0.376447,1.83276,-0.118374,-1.04034,0.73529,1.56328,-1.52458,0,-8.6736
0.12392,1.12686,0.376732,1.83296,-0.117804,-1.03945,0.735884,1.56323,-1.52575,0,-8.6835
0.124863,1.12582,0.377016,1.83316,-0.117237,-1.03856,0.736473,1.56318,-1.52692,0,-8.6934
0.125801,1.12478,0.377298,1.83336,-0.116674,-1.03768,0.737061,1.56313,-1.52807,0,-8.7033
