Data_0,Data_1,Data_2,Data_3,Data_4,Data_5,Data_6,Data_7,Data_8
0.10720390156020036,0.951425914604092,0.3943204575356122,1.8422979516472542,-0.0666962027294957,-0.9943774117791055,0.7861313360419644,1.5569377063809187,-1.6067607136759154
0.10720483507796114,0.9514254426608546,0.39431076217758027,1.8422872862670465,-0.06668660471276622,-0.994379501180685,0.7861317986494698,1.5569359791884703,-1.6067579015834415
0.10719965900507915,0.9514218599086124,0.39430183662952006,1.8422750247095971,-0.06668401337008985,-0.9943604885707024,0.7861192123841035,1.556933838590618,-1.6067546882065986
0.10718698339487265,0.951414425671594,0.39429352277543817,1.8422604242614131,-0.06668972603172495,-0.9943155337027767,0.7860905553187342,1.55693112824252,-1.60675088227432
0.10716672195430867,0.9514029940272037,0.3942848003206791,1.8422422878532083,-0.06670292357276018,-0.994244216342365,0.7860454782948705,1.5569276495497537,-1.6067461687591915
0.1071402546380178,0.9513880890680404,0.3942736902130757,1.8422189198682664,-0.06672041619746905,-0.9941510888364673,0.7859866400263122,1.5569231584464216,-1.6067400967285206
0.10711056316106134,0.9513709674254004,0.3942571720968556,1.8421880869726377,-0.06673642973715925,-0.9940461364054328,0.7859199860605406,1.5569173623260921,-1.6067320686029318
0.10708236048571107,0.9513536779586306,0.3942311048927005,1.8421469800669303,-0.06674240096614004,-0.9939452169019709,0.7858550152481917,1.5569099170074294,-1.6067213297292535
0.10706198481721985,0.9513390139317306,0.3941903023427077,1.8420922574259735,-0.0667271545395115,-0.9938697020503323,0.7858045632811804,1.5569004311862507,-1.6067069800751297
0.10705651848851079,0.9513301113781479,0.3941291192538077,1.8420203557906962,-0.06667833659357514,-0.9938434904585716,0.785782996779576,1.556888495647891,-1.6066880589275292
0.10707306707379168,0.9513301206078081,0.39404193220317985,1.8419277461063517,-0.06658358860095581,-0.9938905639347901,0.7858047359508148,1.5568737073672079,-1.6066636145097533
0.10711828872816882,0.9513419919379056,0.39392345541853774,1.8418111028061892,-0.06643131557941359,-0.9940333922682554,0.7858832903717322,1.5568556856230946,-1.6066327500433693
0.10719805801651683,0.9513683228173554,0.3937689680866961,1.8416674266476998,-0.06621123629263258,-0.9942917940379337,0.7860305705620296,1.5568340838242016,-1.6065946571550824
0.1073172065501818,0.9514112400142661,0.39357449108459186,1.841494141029715,-0.06591480895070381,-0.9946820578624954,0.7862563570653484,1.5568085988865041,-1.606548642058137
0.1074793098386041,0.9514723029004123,0.3933369332754111,1.8412891723500724,-0.06553558199701652,-0.9952162203564472,0.7865678643015275,1.5567789791373339,-1.6064941473853964
0.10768650330198112,0.951552420046634,0.3930542185903853,1.841051020281359,-0.06506949761644258,-0.9959014429646605,0.7869693642166549,1.5567450312877056,-1.6064307712756039
0.1079393175526091,0.9516517746120244,0.39272540039774445,1.840778821365899,-0.06451516398846138,-0.9967394541306028,0.787461849442923,1.5567066267858942,-1.6063582846396407
0.10823652702420454,0.9517697558226965,0.39235076704351346,1.8404724079581893,-0.0638741058697602,-0.9977260367205801,0.7880427238246321,1.55666370773835,-1.6062766471595373
0.1085750083203819,0.9519048948821208,0.3919319409391602,1.8401323637511136,-0.06315099937542959,-0.9988505483975867,0.7887055128664927,1.5566162925108926,-1.606186022357241
0.10894960602071911,0.9520548042791892,0.3914719726708583,1.839760076650302,-0.062353894611723144,-1.000095467274474,0.7894395894641787,1.5565644810795667,-1.606086791941553
0.1093530045211651,0.9522161198429032,0.3909754310535463,1.8393577894720687,-0.061494428454885154,-1.0014359580188126,0.790229911996284,1.556508460173905,-1.6059795695629133
0.1097756050108911,0.952384445132473,0.3904484897077126,1.8389286487597525,-0.060588028919609974,-1.002839455363253,0.7910567729342558,1.5564485082387205,-1.605865214056504
0.11020540702223697,0.9525542979044246,0.38989901051738524,1.8384767518987495,-0.05965411201916781,-1.0042652631096949,0.7918955568130651,1.5563850002300568,-1.6057448422229197
0.11062789420554033,0.9527190584966122,0.3893366241870955,1.838007192637337,-0.058716271671363694,-1.0056641674451754,0.792716506846704,1.556318412254235,-1.6056198411757043
0.11102592411929005,0.9528709200324371,0.3887728080253162,1.8375261050736844,-0.05780246298066713,-1.0069780638576538,0.7934844997570968,1.5562493260547199,-1.60549188027232
0.11137962191473108,0.9530008403891603,0.38822096102455617,1.8370407061400709,-0.056945179084059994,-1.008139597240723,0.7941588285670487,1.5561784333488953,-1.6053629226370956
0.11166694906216465,0.9530988149808577,0.38769603655222107,1.8365591162634725,-0.05618055688135962,-1.0090740529629643,0.7946943434830659,1.5561065175002429,-1.6052351760816557
0.11186684868273791,0.9531553743217563,0.38721248690451515,1.8360893339827593,-0.055543395099914,-1.0097098392101673,0.7950477761927911,1.5560343487387982,-1.6051108128777833
0.11196266169543674,0.9531632102424942,0.3867820302723607,1.8356381214203694,-0.05506174247808435,-1.0099898724911762,0.7951846090763058,1.5559625702737596,-1.6049916651773173
0.11194515009816826,0.9531186152580529,0.3864116749010326,1.835210018464544,-0.05475210889353593,-1.009881653420036,0.7950851542199635,1.555891597559711,-1.6048789556003127
0.111908,0.953059,0.385994,1.83472,-0.05442049999999999,-1.0097,0.794936,1.55581,-1.60475
0.11176083306688925,0.9529497339251581,0.38564038679865487,1.8342594113343778,-0.05426214271357004,-1.0091400012376999,0.7945569090021835,1.555730167938179,-1.6046291335498455
0.11150901604506384,0.9527871426639168,0.3853476403534768,1.8338224177567606,-0.05425815474291625,-1.0082388102654842,0.7939720707988631,1.5556527581667199,-1.6045148332574037
0.11116075083494936,0.9525721457899315,0.38510732677308096,1.8334029350020165,-0.0543877442484997,-1.007036310520701,0.7932097659022268,1.555581595164458,-1.604404914858718
0.1107194282017019,0.9523055541767911,0.38491614539466606,1.8330002611983507,-0.05464290258181363,-1.0055515656346365,0.7922864432651886,1.555521759118451,-1.6042998043280283
0.11018761320345632,0.9519880035461595,0.38477167434887194,1.8326137652177188,-0.05501773334407509,-1.0037997160607415,0.7912160344840736,1.5554778743800606,-1.6041990928286722
0.10956776518401852,0.9516202118198188,0.38467172651840187,1.8322436730550509,-0.055506818663189,-1.0017947621337475,0.7900114063990131,1.5554549523606478,-1.604103204185338
0.10886233208395275,0.9512026573597768,0.38461400747736507,1.8318894057526454,-0.05610454022317021,-0.9995505637968077,0.7886847163373065,1.555455987794459,-1.604011735655012
0.10807351216131798,0.9507357603699054,0.3845965944333163,1.8315504400839053,-0.05680597898650155,-0.9970794566019928,0.7872470995138828,1.555485297385695,-1.603925108747138
0.10720363391646348,0.950219889789931,0.3846174288680373,1.8312263026198914,-0.057605840085071865,-0.9943940552559152,0.7857092459681895,1.5555460492989812,-1.6038421406696766
0.10625452275912924,0.9496548219280959,0.38467518617055074,1.8309165645185996,-0.0584995508271754,-0.9915053679345981,0.784080591948737,1.5556403679768123,-1.603764096631938
0.10522855414125694,0.9490407290419416,0.38476780587361636,1.8306200574386515,-0.05948152309232128,-0.9884257576084747,0.7823709992494826,1.555770986339075,-1.6036897976089246
0.10414837311998369,0.9483817209958578,0.38486737224723716,1.8303108436269893,-0.06049324887412137,-0.9852474121153879,0.7806347945250334,1.555934199201179,-1.603612723892448
0.10299969546154708,0.9476783006163177,0.3849912327119635,1.8300100949258549,-0.06157694800133377,-0.9819100438585859,0.7788436514163452,1.5561397932739298,-1.6035385237420792
0.10177862557436318,0.9469298378029108,0.3851451023784104,1.8297248672106545,-0.06274411700838277,-0.9783995173567371,0.7769924452297153,1.5563921172923407,-1.6034685141033636
0.10049142391002966,0.9461360541991689,0.3853222003017606,1.829447756433968,-0.06397734843727276,-0.9747447083495909,0.77509859824845,1.5566897728073008,-1.6034015906836805
0.09914035067058688,0.9452966862740217,0.38552045809960295,1.8291773507834268,-0.06527079296089636,-0.9709570302670152,0.7731702558506885,1.5570345619511052,-1.6033367396244116
0.09772715032581655,0.9444114077240847,0.3857384390605869,1.828912353757257,-0.06662004443700105,-0.9670455690090052,0.7712141305959195,1.5574273803460847,-1.6032730294366564
0.09625358652190436,0.9434799117356832,0.38597474830195044,1.8286515739721898,-0.06802066073997626,-0.963019121235208,0.7692366208751162,1.557869825440101,-1.603211137375904
0.09472144193386581,0.9425019863170524,0.3862277988791102,1.8283939159837628,-0.06946827906219256,-0.958886376244124,0.767244069321886,1.5583618425150971,-1.6031501556827572
0.09313215878148183,0.9414767426230988,0.3864966674046441,1.8281383720028408,-0.07095864545581862,-0.9546555470873375,0.7652419292565094,1.5589041517812767,-1.603090013363081
0.09148755438586095,0.940403967400046,0.38677974231156503,1.827882487918738,-0.07248726059355647,-0.9503350236687852,0.7632361363082101,1.5594981854162375,-1.6030298819058753
0.08978944143482571,0.9392833066915567,0.387075312161292,1.8276255278702516,-0.07404945102509178,-0.9459334383529286,0.7612324618354468,1.5601437435671301,-1.6029689982338895
0.08805136865118386,0.9381151148168332,0.3873655856342937,1.827347781195806,-0.07560507974925931,-0.9415099720577457,0.7592628689751545,1.560835318085084,-1.6029036140154025
0.08626580407667626,0.9368989535233602,0.3876613895516381,1.8270622587296492,-0.07717802159659388,-0.9370319413500668,0.7573117999851987,1.5615784830546104,-1.6028355974609447
0.08442618767631868,0.9356339589538899,0.38797270523509214,1.826779434729494,-0.0787890491422443,-0.9324711870330838,0.7553657499295239,1.5623776217358039,-1.6027681898844663
0.0825390338890871,0.9343198619694166,0.3882911307911581,1.826490753702807,-0.08041881987516261,-0.9278566067755085,0.7534404980293673,1.5632299500529905,-1.6026990677280115
0.08060652614869476,0.9329562591414681,0.3886143010038627,1.8261928737630186,-0.08206127063210251,-0.9231978650116762,0.751541879520658,1.5641359370035854,-1.6026268460421076
0.07863031961756677,0.9315428507535919,0.38894056455268794,1.8258849841763134,-0.08371217255486167,-0.9185019804261227,0.7496744459503305,1.5650952612145348,-1.6025510045875353
0.07661206753371066,0.930079357180039,0.3892680951191859,1.8255648221695815,-0.08536732133106216,-0.9137760325826574,0.7478425504175202,1.566107629442897,-1.6024718201508177
0.07455322516128901,0.9285649122946318,0.3895955855478945,1.8252310552716142,-0.08702223189976849,-0.9090270072941239,0.7460502123593133,1.5671735305933798,-1.6023880349670117
0.07245542092003007,0.9269992431484548,0.38992130006226067,1.8248816968181107,-0.08867276433596744,-0.9042615783670357,0.7443015975921993,1.5682926627538554,-1.6022992438361785
0.07032023936732568,0.9253820197037387,0.3902433338950297,1.824514156413638,-0.09031471869735577,-0.8994862839911909,0.7426006296547497,1.5694647497963106,-1.6022050724366985
0.06814922495210124,0.9237130104176817,0.3905600036675006,1.824127551734573,-0.09194414115434688,-0.8947070851085088,0.7409510089257375,1.5706895391503435,-1.6021044197624437
0.06595211224721634,0.9219924521652342,0.39085662191966164,1.823705972129295,-0.09353035982335933,-0.889966091766045,0.7393745706651704,1.5719630260067357,-1.6019932497993519
0.06372651454777903,0.920220033655073,0.3911373512374145,1.8232543358909679,-0.09508223702624007,-0.8852517280627857,0.7378661364510152,1.5732867942775461,-1.6018731153583823
0.06146350004224471,0.9183947868494147,0.39141689446467215,1.8227892498917717,-0.09663020235842039,-0.8805236678287212,0.7364059196392696,1.5746668331619407,-1.601747712610369
0.059169477057083995,0.9165164187612552,0.3916856933929262,1.8222996732644183,-0.09815367319330376,-0.8758096320195691,0.7350081302696161,1.5760996321224308,-1.601614425768724
0.056846243611202545,0.9145845817433074,0.3919413216738827,1.8217836931419633,-0.09964772306034955,-0.871116545489769,0.7336765554068369,1.5775849633786192,-1.6014723448923611
0.05449505343769945,0.9125990284003894,0.3921822903100577,1.8212395413760087,-0.10110930571398231,-0.8664485474526813,0.732413716820508,1.5791226179506952,-1.6013206289881181
0.0521170793608133,0.9105588510585672,0.3924072983315725,1.820665583402676,-0.10253477720480131,-0.8618105927938736,0.7312220970969295,1.5807124040965088,-1.6011585006983173
0.04971357015538105,0.90846381181205,0.39261476674489043,1.8200603079918842,-0.10392114563659599,-0.8572065836103274,0.7301039921270388,1.5823533931340295,-1.600985994157319
0.04728571696565207,0.9063136143187681,0.39280316063993104,1.8194215652658001,-0.10526564510459248,-0.8526401268762858,0.7290616006055651,1.5840454804794017,-1.60080238813989
0.04483467285387037,0.9041079835527573,0.39297098576897527,1.8187488722378267,-0.10656556792647054,-0.8481146322974377,0.7280968809707244,1.5857893228737183,-1.6006070158347383
0.042368490828880376,0.9018444077362654,0.3931052771606005,1.8180252340462175,-0.1077904297441718,-0.8436686043288895,0.7272272148437399,1.587577254427561,-1.600396251998377
0.039884462276955454,0.899520564094394,0.39321142150014565,1.8172552448876635,-0.10894829794529498,-0.8392912368915647,0.7264463358802035,1.589409710065478,-1.6001712574308993
0.037374468199602065,0.8971358081973829,0.393304397472141,1.8164551805933802,-0.1100693350130792,-0.8349441217725194,0.7257358969124645,1.591292355561306,-1.599934608655738
0.034844257715586885,0.8946901447647769,0.3933744478408504,1.8156152800599437,-0.11113496765240138,-0.8306504624814963,0.7251074282423146,1.5932221604460794,-1.5996849287509969
0.0322952733214273,0.892183502152348,0.3934194665036811,1.8147332830557419,-0.11214192878596146,-0.8264138232031175,0.7245630976279192,1.595199330114839,-1.5994209445935212
0.029728484158125415,0.889615963631746,0.3934381823220169,1.8138086023433333,-0.11308892555236669,-0.8222353205779954,0.7241038582364501,1.5972240550701076,-1.5991422304379856
0.0271448071540277,0.8869867789715927,0.39342949487670376,1.8128406944789133,-0.11397378514432745,-0.8181171898730694,0.7237306674762928,1.5992950092905183,-1.5988491438418686
0.024545177729084294,0.8842960050922546,0.3933921610504716,1.8118283052654098,-0.1147953994267508,-0.8140602213250263,0.7234444115073035,1.6014132210291934,-1.5985405127269257
0.021930488198351097,0.8815435437632645,0.39332518137017913,1.810770274591099,-0.11555281826507846,-0.8100649959950168,0.7232455349971674,1.6035788903505983,-1.5982160043680338
0.01930158903598582,0.8787293786817978,0.39322740607038587,1.8096670314787358,-0.1162452376193002,-0.8061318264209344,0.7231347503619736,1.6057914516163694,-1.5978760620365167
0.016659299575539244,0.8758532689366181,0.39309799701962544,1.8085174702521185,-0.11687183834612269,-0.8022610772398278,0.723112341627038,1.6080511331973926,-1.597519593491129
0.014004408886239467,0.8729152165333227,0.39293602875777744,1.8073220699577959,-0.1174322379121278,-0.7984524103073274,0.7231785721435392,1.6103588975684355,-1.5971470904419844
0.011341851310037149,0.8699171750768943,0.39273216063199834,1.8060722630285155,-0.11791346779059693,-0.7947205304146834,0.723341870374562,1.6127133825584037,-1.5967560040617221
0.00867621982977361,0.8668629027846914,0.3924773792448913,1.8047631294286592,-0.1183063127770944,-0.7910754324847742,0.7236097308475488,1.6151155811908264,-1.5963454787827969
0.0059937443778023125,0.8637510701010714,0.39220028482602526,1.803426153851868,-0.11866396026040751,-0.7874544402736761,0.7239526745894211,1.617576171545248,-1.5959207291071298
0.0033008927781064817,0.8605811227442417,0.39188881665791214,1.8020476642083476,-0.1189640575642992,-0.7838827667135226,0.7243823253202866,1.6200900153874522,-1.5954798211643901
0.0005987898729934854,0.8573519473002793,0.391541653988276,1.8006262756968192,-0.11920372243230976,-0.7803627114958108,0.7248993747571345,1.622656114295182,-1.595021717050462
-0.002111959449766096,0.8540630391738939,0.3911586259946965,1.7991614579947424,-0.11938321625808856,-0.7768933243036475,0.7255033371859545,1.6252742957546036,-1.594546207387518
-0.0048307207608192515,0.8507140064761299,0.3907394994752378,1.7976534709755545,-0.119502780504496,-0.7734733512286834,0.7261938388645587,1.6279451509963063,-1.5940530984560355
-0.007556862319659588,0.8473044114634678,0.3902840585995244,1.7961025547940899,-0.1195627883256932,-0.7701016328199605,0.7269703844165367,1.6306684765486323,-1.5935414605276583
-0.010289724843805567,0.8438337740004399,0.3897921036113373,1.7945089313864737,-0.1195635095504658,-0.7667768718131492,0.7278324409902939,1.6334440844400826,-1.5930119345789808
-0.01302864608261936,0.8403017248440949,0.3892634496286009,1.792872805855383,-0.11950541864085115,-0.7634977185057062,0.7287794410449709,1.6362725514376026,-1.5924636125161986
-0.015772938519904134,0.8367078472425761,0.3886980005723743,1.7911936173595402,-0.11938910429105912,-0.7602626245937446,0.7298109350065614,1.6391536607682369,-1.591897155183326
-0.018519302520228875,0.8330519806619927,0.3880898896870828,1.789466344886083,-0.11920520602874128,-0.7570808133390786,0.7309311595753759,1.6420857113874354,-1.5913101722834224
-0.021260056726058074,0.8293342765780687,0.3874235612309558,1.7876743390635734,-0.11892780856040744,-0.7539791235556113,0.7321522871694279,1.6450633784941837,-1.5907004529909663
-0.02401115362054057,0.8255534493370137,0.3867359486545861,1.7858584738640613,-0.11862177912547582,-0.7508871645082899,0.7334429587983469,1.6481004950202922,-1.5900742058473112
-0.026765476975493002,0.8217084597274857,0.38601281850824265,1.7840025333072314,-0.11826180637460641,-0.7478309910046738,0.7348143107511571,1.6511910981567395,-1.5894289199958633
-0.029521899317521305,0.8177988716044939,0.38525338534674164,1.7821050236627394,-0.11784713733076589,-0.7448104680603431,0.7362662896825887,1.654334174524877,-1.5887637735937432
-0.03227968542785259,0.8138244314790919,0.38445774788656556,1.7801675642365087,-0.11737895104344612,-0.7418234452423207,0.7377982462297229,1.6575310376749157,-1.5880780064589999
-0.03503816278805849,0.809784829741603,0.38362622242929395,1.7781909024626181,-0.11685878807643582,-0.7388674084661797,0.7394092798475427,1.6607814021990577,-1.5873716656642132
-0.03779667185508043,0.8056797048838528,0.38275917648757035,1.7761757295950282,-0.1162880732514194,-0.7359399574104126,0.7410984076961108,1.6640857544214271,-1.5866447947106392
-0.0405545875892058,0.8015087224224753,0.3818572500046386,1.774122684934986,-0.115668724507937,-0.7330382718222019,0.7428647208425317,1.6674445442527601,-1.58589668360614
-0.04331128685335936,0.7972714978587045,0.38092103483615475,1.7720338600972183,-0.11500266578816828,-0.7301596681540523,0.7447070786261341,1.670858187919657,-1.585127425794738
-0.046066155769203865,0.7929677504723607,0.3799514534497747,1.7699096893303266,-0.1142920516502074,-0.7273009891533768,0.746624426107332,1.674327070488869,-1.5843371076764783
-0.04881727625199886,0.7885972955373323,0.37894605836442785,1.7677490739393513,-0.11353407391445233,-0.7244641155241913,0.7486178880483094,1.6778515482020664,-1.583524308832934
-0.0515537674391883,0.7841606372350697,0.37788090663911034,1.765526242967519,-0.11269087843500218,-0.7216850683244876,0.7507031326558741,1.6814229489374526,-1.5826862151315082
-0.054293484850232804,0.7796557664041197,0.3768019638870071,1.7632908721306855,-0.11183697074750205,-0.7188906469823636,0.752848894476591,1.6850565054622944,-1.5818277248990118
-0.05703017046615044,0.7750823998310282,0.37569653756715377,1.761028899813427,-0.11095222615982639,-0.7160995577786695,0.7550632352286426,1.6887483046475007,-1.5809473679048966
-0.059762123954439195,0.7704402754864235,0.3745633140715916,1.7587393212987752,-0.11003513258701231,-0.7133125258709454,0.7573466357338668,1.6924977274961577,-1.5800437842179462
-0.062488560169234236,0.7657291509395292,0.3734030286012489,1.7564234575430324,-0.10908788436814926,-0.7105266965223602,0.759698340633251,1.696305701716437,-1.5791164660300552
-0.06520877537329833,0.7609488018914772,0.37221688623843274,1.7540832804633844,-0.1081131787585171,-0.707738904124175,0.762117351262268,1.7001723353628733,-1.578164943614605
-0.06792198360917046,0.7560989458096354,0.37100600162948244,1.7517206140075454,-0.10711342811048652,-0.7049461455690923,0.7646028939550037,1.704098478516993,-1.5771895325578231
-0.0706275253894808,0.7511793963170986,0.36977178081577605,1.7493371452624003,-0.10609180137020743,-0.7021449679855203,0.7671539531061159,1.7080849175243225,-1.5761890245874437
-0.07332455067530319,0.7461899059659158,0.3685154493278459,1.7469344347279154,-0.10505074217094841,-0.6993325525846428,0.7697697393644031,1.712132379775173,-1.5751630521405424
-0.07601227319477091,0.7411301708223581,0.36723821574691917,1.7445146758893004,-0.10399291584371029,-0.6965059170090775,0.7724494476307776,1.71624078805638,-1.5741105251439964
-0.07868989065120707,0.736000059727162,0.3659415730057012,1.742079897664429,-0.10292132030000024,-0.6936618525941135,0.7751924082483995,1.7204115711118126,-1.5730311853529282
-0.08134435994630312,0.7307995263295473,0.3645949494710616,1.7395974739942635,-0.10178894705918454,-0.6908409698650615,0.7780146531633151,1.7246340495742887,-1.571921793641706
-0.08399181852540272,0.7255275526494462,0.3632444724163203,1.7371167322238381,-0.10066726010232369,-0.6879804004034666,0.780892008788365,1.7289238471343769,-1.5707853543070265
-0.08662844196930292,0.7201838720863423,0.3618839054499353,1.734630795730567,-0.09954695226164087,-0.6850877714567181,0.7838279917551291,1.733278164294432,-1.5696201459529378
-0.08925166780650781,0.714768313013768,0.36051033018227907,1.7321378040275204,-0.0984241323499325,-0.6821660128363405,0.7868242048134534,1.7376966617316958,-1.568425326350275
-0.09186040085699898,0.7092807916564042,0.3591249473680632,1.7296382863199378,-0.09730117892378157,-0.6792127342661918,0.7898804054062081,1.7421797756461124,-1.5671993663937476
-0.09445370309262455,0.7037211554934888,0.35772939271377874,1.7271349822352688,-0.09618109466005009,-0.6762251247286698,0.7929961441804283,1.746728659580526,-1.565942351751342
-0.09703063183995975,0.6980894134289357,0.35632547923963215,1.7246304258941887,-0.0950671895257886,-0.6732000590292067,0.7961710805134885,1.751343630532056,-1.5646521115418937
-0.09959009012131706,0.6923854236698337,0.35491458395237097,1.7221262112945324,-0.09396204518274548,-0.670135171411066,0.7994048993513518,1.756024981739598,-1.5633281377842725
-0.10213113824209263,0.6866090550388528,0.3534988056022547,1.7196245628998965,-0.09286897968340568,-0.6670275235306046,0.802697309288928,1.7607737344969445,-1.561969210559569
-0.104652681980137,0.6807604111882815,0.3520797104968327,1.7171275383182696,-0.0917910996988745,-0.6638743974372106,0.8060482658035312,1.765590083478804,-1.5605742014454715
-0.10715340917403512,0.6748387629478529,0.3506585224475238,1.7146362907922341,-0.09072952381140703,-0.6606747790949447,0.8094576527234458,1.7704742087738474,-1.55914131662521
-0.10962093070139867,0.6688450858808157,0.3492053974179798,1.7121211360192452,-0.08964183772932599,-0.6574617066717205,0.8129379630314895,1.7754165266468045,-1.5576688968246606
-0.1120681624772279,0.6627788573161046,0.34776188206734043,1.709625118455029,-0.08858868918768203,-0.6541877377684373,0.8164736018034268,1.7804299229107443,-1.556156157243342
-0.11449407625080146,0.656639968783723,0.34633033071543007,1.7071505528310873,-0.0875735028890737,-0.6508502396880318,0.8200645442734718,1.7855150665384107,-1.5546023719386666
-0.11689517082467046,0.6504286949468758,0.34490609591144805,1.7046935801015168,-0.08658998891363426,-0.647454052387163,0.823713392613715,1.790671076297589,-1.5530053693709516
-0.11927000765307055,0.6441452898555398,0.3434907289381045,1.702255130786917,-0.08564045933076628,-0.6439975776358913,0.8274203787729961,1.795897137065393,-1.551363890890718
-0.12161740608870855,0.6377900634953452,0.3420863397400702,1.6998383156681431,-0.084728455329085,-0.6404781370437854,0.8311859423166482,1.8011939949027806,-1.54967602223029
-0.12393612403193224,0.6313633025913553,0.34069510501154976,1.6974460122043902,-0.08385727499543273,-0.6368934031079643,0.8350103398453249,1.8065623399221673,-1.547939992695504
-0.1262248625398592,0.6248654973580557,0.33931911318742486,1.6950801320200406,-0.08303031405639259,-0.6332409978865527,0.8388941837283821,1.812002060468722,-1.5461534143817692
-0.12848234509113285,0.6182969512304475,0.3379606710693457,1.692743943389619,-0.08225084855174208,-0.6295187967871312,0.842837890409139,1.8175138032843998,-1.5443148284955253
-0.13070679089518028,0.6116575698705269,0.3366205624186039,1.6904374694064617,-0.08151955377046735,-0.6257264095892054,0.8468423701114142,1.8230974165982046,-1.5424221356403387
-0.13289685272876609,0.6049480160204235,0.33530093723547594,1.6881644814932242,-0.08083999440300715,-0.6218616003039343,0.8509083897938374,1.8287527600298938,-1.5404733938769362
-0.13504040925530256,0.5981695777173579,0.333971683802466,1.6858939677090992,-0.08017136714549453,-0.6179526010788623,0.8550458840290882,1.834470703605452,-1.5384668069129994
-0.13714732355438075,0.5913224713725636,0.33266899973075853,1.683663992998646,-0.07956371774434329,-0.6139652257519285,0.8592464170361885,1.840261552383729,-1.5363999631689127
-0.13921951885334855,0.5844071221629917,0.3314052924445574,1.681487267047412,-0.07903421551091969,-0.6098881024689713,0.8635085608266972,1.8461295884544522,-1.5342691319174144
-0.14125247405777486,0.5774242233744482,0.3301734385677731,1.67935679606957,-0.07857327172618798,-0.6057278874854526,0.8678358695754359,1.8520712726590505,-1.532073112266993
-0.14324440718950243,0.5703747162930035,0.32897479908182253,1.6772743609213567,-0.07818319947228694,-0.6014833127365578,0.872230055872899,1.8580870813295651,-1.5298085433678543
-0.1451938199218034,0.5632593966010357,0.32781168290364804,1.675243108908263,-0.0778672708602821,-0.5971526052540905,0.876692478863317,1.8641767050694413,-1.5274723164375303
-0.1470991763018744,0.5560793003017996,0.3266863007791286,1.6732659512839831,-0.07762910509545581,-0.5927336000365248,0.8812249957615721,1.8703406076986862,-1.5250615558548237
-0.1489588305722021,0.5488354606932719,0.3256006976457766,1.6713455809552327,-0.07747176493722274,-0.5882246694601367,0.8858294744927495,1.8765792182539365,-1.5225736016718865
-0.15077043540149765,0.5415284585680114,0.324555415058546,1.6694807388296036,-0.07739322339888051,-0.5836285080038899,0.8905055428714862,1.882888433562341,-1.5200067434438327
-0.1525322695133598,0.5341595811605133,0.32355402897866714,1.6676717602621203,-0.077392295529878,-0.5789489580616799,0.8952490316030275,1.889259958167345,-1.5173616490244757
-0.15424259072673663,0.5267300941584242,0.3225993221629625,1.6659189554580656,-0.07746738275291341,-0.5741897988395437,0.9000563091008459,1.8956868687926405,-1.5146381861691705
-0.15588868745689222,0.5192434933326986,0.3216582434416622,1.6641881111484274,-0.07757273361904077,-0.5693810012559268,0.9049310661984247,1.9021537613652078,-1.5118384825624123
-0.15747635160220275,0.5117042872717374,0.320756995849464,1.662506080437758,-0.07774264853492836,-0.5645040131058754,0.9098686168684036,1.9086643872418803,-1.5089592562769403
-0.15901064065771475,0.5041176214173572,0.31991929215871584,1.6608984524191646,-0.07800868283437595,-0.5595421236234439,0.9148657515494778,1.9152229664283722,-1.5059982215354057
-0.16048535774612865,0.4964888552985684,0.31913159148645803,1.6593528968019857,-0.0783545599472766,-0.5545065004958112,0.9199250514299402,1.921823652379396,-1.5029532639938548
-0.16189777077435707,0.4888230214729632,0.31839111857576957,1.6578692581329193,-0.07877881412712476,-0.5493992237823957,0.9250486791069703,1.9284640370615813,-1.4998231778873197
-0.16324572755890498,0.48112485005054395,0.31769680632428343,1.6564488926257033,-0.07928156706812153,-0.544221392530703,0.9302384099815976,1.9351426430506695,-1.4966045978728018
-0.1645268623289906,0.4733992413798476,0.31704639265958856,1.6550908047697657,-0.07986071133077118,-0.5389758233637625,0.9354946112949041,1.9418566037258223,-1.4932966610175469
-0.16573801174367675,0.46565087827893703,0.3164346351565306,1.653790323706865,-0.08051017252253842,-0.5336673716618328,0.940819347752224,1.9486010174580968,-1.4898978191047687
-0.16687677471533263,0.45788349234833087,0.3158583345822564,1.652546128907913,-0.08122655934397811,-0.5282989536412714,0.9462134792023825,1.955373600252651,-1.4864066400332192
-0.1679407052375495,0.45010076031605795,0.3153139316476269,1.6513584988901395,-0.08201034985788311,-0.5228691417863744,0.9516838010244552,1.9621759894278563,-1.4828172990948383
-0.16892724075385113,0.442307058155483,0.314797459011315,1.650225441276532,-0.08285923376554287,-0.5173793156525215,0.95723434893455,1.969008199498436,-1.4791266584431404
-0.16982321087181923,0.4345073336413502,0.31426774678842917,1.6491083630253398,-0.08372383142083484,-0.5118557263912435,0.9628688559688849,1.9758567438560368,-1.47533631558204
-0.17062993301708146,0.4267052634601566,0.31373366297178445,1.6480188157089575,-0.08461827182348985,-0.5062905562249242,0.9685907751851041,1.9827248974338056,-1.4714409981839796
-0.17135740082578116,0.41890259854123424,0.3132330355155444,1.6469914845792064,-0.08558393685381573,-0.500665848689114,0.9743943006409876,1.98961568954342,-1.467438079352274
-0.1719973833694599,0.41110050849240976,0.31273845513092047,1.6459932033437468,-0.08657823956558214,-0.4950074441494014,0.9802718118393707,1.9965079222477673,-1.4633363792304181
-0.17254594204897744,0.40330165020337616,0.31223694326199775,1.6450067932234602,-0.08757911958643994,-0.4893300949142386,0.986217009826243,2.003388737477635,-1.4591418064415687
-0.17299943366075854,0.3955095312978427,0.31171559474844557,1.64401711385646,-0.08856643358193503,-0.48364684686136505,0.9922248180739348,2.010245491523053,-1.4548590764572318
-0.17335246323863707,0.3877261963244779,0.3111543723087067,1.6429996603969161,-0.08950999895677741,-0.47797539243159437,0.998287540792159,2.0170642389533917,-1.4504955510906141
-0.1736010154413551,0.37995721149565487,0.31053804146923103,1.6419407658846352,-0.09039149683534389,-0.4723260971173171,1.004402559385012,2.023835830255674,-1.4460557900120636
-0.17374092607802955,0.3722096005586695,0.30984988534299257,1.6408240383804793,-0.09119180726029588,-0.46670967399725094,1.0105659516505638,2.030552552134104,-1.4415432609133723
-0.17376781827180549,0.36449023547823367,0.30907204081103656,1.6396343153453878,-0.09189159427427573,-0.46113595766603743,1.0167755895555919,2.03720726979202,-1.4369626714096737
-0.17367696841117491,0.3568056228201152,0.30818490948914845,1.6383545714309868,-0.0924695971175319,-0.45561509512245335,1.0230280046685605,2.0437933835440933,-1.4323176260421813
-0.1734518571425563,0.34916215615656954,0.3071260378276823,1.6369248081453145,-0.09285529203622311,-0.45017762236127234,1.0293184886898892,2.05029278866948,-1.4276197090191518
-0.17308477907478165,0.34156552454039535,0.3058639063342222,1.635315026923088,-0.0930134446047267,-0.4448386601573111,1.035641186442362,2.056696238312929,-1.4228773857277128
-0.17259155674348703,0.3340203153437825,0.3044520845620303,1.633579979174751,-0.09300843807718745,-0.4395708701855644,1.0419959318935312,2.0630169291553075,-1.4180842366353446
-0.17195937596618716,0.3265309218854586,0.30284059924910506,1.6316720598571923,-0.09278442434874276,-0.43439636454282815,1.0483758214577303,2.0692415681009715,-1.4132508236898862
-0.17118088362948097,0.3191015579848012,0.30099845014908627,1.629561484325419,-0.09230707644613075,-0.4293283219089439,1.054773719319102,2.0753616090415643,-1.4083869166908056
-0.17024680310224866,0.3117366464246546,0.2988883370321666,1.6272139517822,-0.09153646691798742,-0.4243808825623464,1.0611822748488016,2.0813691468278948,-1.4035030527018053
-0.1691495285022277,0.3044390032778217,0.296479282193246,1.6245999839963274,-0.09043882037934617,-0.4195653262575225,1.0675916887143644,2.0872583691988105,-1.398608978504952
-0.1678813493883929,0.2972107084111556,0.2937407562574691,1.621690813606439,-0.08898150710210201,-0.41489133676569645,1.0739936465352626,2.0930246498136302,-1.393715959873535
-0.16643408360262246,0.2900533107012443,0.2906403945537721,1.6184545808031685,-0.08712868958771873,-0.41037004657568965,1.0803759575080225,2.0986614593060864,-1.3888381676484416
-0.16479918764856782,0.28296771785869423,0.28714578476307423,1.6148603152650947,-0.08484533565236689,-0.4060112282384447,1.0867258451401618,2.104165008014011,-1.383989459856075
-0.16296785879208064,0.27595409451560227,0.28322469549176676,1.6108771194463862,-0.08209661802766,-0.40182392136292133,1.0930292411764628,2.1095325405002994,-1.3791841551700075
-0.16092512950129062,0.2690138679574544,0.2788254876929436,1.6064576631107281,-0.07882905148295676,-0.39782188758942294,1.0992708824812554,2.1147607579851777,-1.374441498364597
-0.1586485298064726,0.26214910842370653,0.27387204524006425,1.6015304157813017,-0.07496303467107411,-0.394027156438319,1.105429150652241,2.1198443590963363,-1.369786790857513
-0.15612319998956492,0.2553567808838778,0.2683175857314475,1.5960509617813456,-0.07044763136108805,-0.39045185521106307,1.1114825486685773,2.1247829400663196,-1.3652449364584696
-0.1533398948137537,0.2486333279349453,0.26213661045484427,1.5899932166180448,-0.0652558847998361,-0.3870997016581744,1.1174111917876641,2.12958212741213,-1.3608359711883795
-0.15028713743417815,0.24197455897925602,0.2552987830998365,1.583327802134625,-0.05935653223920845,-0.38397518469943304,1.1231944366232023,2.1342493756619803,-1.3565814283662427
-0.1469574617706601,0.23537524771401153,0.24778804258404588,1.5760380435403845,-0.05273244339186123,-0.3810791565847209,1.128810938043442,2.138794580254568,-1.3525019763110344
-0.1433440066990478,0.22882950980930283,0.2395925324069999,1.5681107666545688,-0.04537178599300111,-0.37841083064509695,1.1342409518027128,2.1432291444704066,-1.348618983217329
-0.13944080067954975,0.2223307772601426,0.23070488530629843,1.5595352853601208,-0.037267477698208554,-0.37596827921192244,1.139465464474536,2.147567366344037,-1.3449529646642524
-0.1352430250379229,0.2158718496621137,0.22112308656473234,1.5503077149998474,-0.02841877233955558,-0.37374814419180147,1.1444661386400519,2.151826221557317,-1.341522147561416
-0.13074725750055535,0.20944501664135362,0.2108495700689352,1.5404244622650733,-0.01882841471141377,-0.37174754434892177,1.149224512187161,2.1560214126148898,-1.3383471418004076
-0.1259517199644123,0.2030420961022621,0.19989294716430375,1.5298889533459827,-0.00850622624894827,-0.36996231454029505,1.1537227576626323,2.1601712143334417,-1.335445511529911
-0.12085418268376685,0.19665394460652263,0.18826150584409074,1.518702107467038,0.0025383482216665837,-0.3683892020092563,1.1579458846730455,2.1642947809179147,-1.3328372535877089
-0.11545048314317388,0.1902703044737888,0.1759574449998741,1.5068565249085335,0.014303854738841104,-0.36702932295704505,1.1618717771033147,2.1684098300069947,-1.3305453650490346
-0.10975834101932694,0.18388378735052324,0.16304646236629525,1.4944053609394654,0.02672152337755969,-0.36586660986710606,1.1655009775511194,2.1725365004163595,-1.3285701182043301
-0.10377973950994032,0.1774836515093714,0.14954781208827037,1.4813557841744311,0.03977304196756594,-0.36490007528961255,1.1688189879166406,2.1766919205495214,-1.3269305149255035
-0.09752533307383388,0.1710610033530472,0.1355048230023022,1.4677369255843689,0.05341402174864848,-0.36412265583280623,1.1718206474589548,2.1808941841794764,-1.3256343819423075
-0.09100868283532168,0.16460742880430634,0.12096641303144617,1.4535817313167474,0.06759605311859518,-0.36352834285977786,1.174500432492497,2.185157028045297,-1.3246882089797098
-0.0842459374842178,0.15811515234192763,0.10598730375382154,1.438928926557566,0.082264832196082,-0.3631102283815496,1.1768584836086755,2.18949390863035,-1.3240957490331162
-0.07725567610838113,0.15157722910899774,0.09062682012832629,1.423821832103277,0.0973620278918392,-0.3628612475085654,1.1788956808543816,2.1939157731812613,-1.3238574736230946
-0.07005866681382245,0.14498758761305686,0.07494850024106098,1.4083065196897995,0.11282513394919139,-0.3627734402181352,1.1806180882733004,2.198431247900774,-1.3239693189059278
-0.06267754069830753,0.13834105422373466,0.059017754320596416,1.3924316056720827,0.12859175708199455,-0.36284019348963803,1.1820305651054193,2.2030438120258404,-1.324427525826501
-0.05513648652695499,0.13163344333307359,0.04290248932743568,1.3762488101777781,0.14459713350148606,-0.36305396527910894,1.1831421061478422,2.2077566838506217,-1.3252241172587138
-0.047459551407057154,0.1248612882537985,0.026668294198786968,1.3598082243239245,0.16077955670436517,-0.3634077791961152,1.183961031587541,2.2125683402968304,-1.3263509643612101
-0.03966234891182102,0.1180200548001098,0.01035783869887047,1.34313743239125,0.17710024817775555,-0.36390095708015824,1.1844897875967502,2.2174803725173606,-1.3278080479566396
-0.03179119659842067,0.11111214885066312,-0.005910432635524987,1.326341449844542,0.19344781279257017,-0.3645110466312881,1.184758386886599,2.222477752327476,-1.3295556003032571
-0.023869513205171,0.10413705834296505,-0.0220781836131681,1.309467915983689,0.20976908505952835,-0.36523122947339137,1.1847788412132367,2.227552578656973,-1.3315800862422618
-0.015923183564901716,0.09709586211928534,-0.03808222825743596,1.292571397160989,0.226006636901324,-0.3660519736085116,1.1845660114510523,2.232693793015835,-1.3338637357517542
-0.007978011147718359,0.08999064260874523,-0.0538603695405529,1.2757061172517654,0.24210367234700397,-0.3669622119385809,1.1841381439088183,2.237888916300844,-1.3363826115613953
-5.8914163193701796e-05,0.08282427630828304,-0.06935485021253318,1.2589244833401283,0.2580088551241784,-0.3679517823980629,1.1835098664217225,2.2431226553415065,-1.3391168216966263
0.0078103455450696385,0.07560032622755708,-0.08451119481768232,1.2422779719784307,0.2736734991813752,-0.3690094100763912,1.1826984597372594,2.248379363955235,-1.342041966080994
0.01560728577196227,0.06832293490048325,-0.09927893855997666,1.2258156989771423,0.2890529449214618,-0.37012346568138144,1.1817214085466847,2.2536430694232488,-1.345133974644035
0.02331100547796172,0.06099675542091132,-0.1136118515035181,1.2095838464605317,0.3041058072174621,-0.37128139211782163,1.1805971361892817,2.2588974969807754,-1.3483668325707048
0.03090194620167344,0.053626841900625166,-0.12746852095797628,1.1936258828932016,0.31879605482731527,-0.3724717240727752,1.1793419342536478,2.2641245924704365,-1.351717226157395
0.038362241366458674,0.04621858939299639,-0.14081161518507818,1.1779829916046305,0.33309088385236124,-0.37368213113182147,1.1779716224590913,2.2693076557968066,-1.3551605902283912
0.04567296438896265,0.03877787332237148,-0.1536016523269465,1.1626994171745275,0.3469555256863715,-0.374898057661621,1.1765060840459924,2.2744274893716176,-1.3586674519961524
0.052817583179722384,0.03131138095625874,-0.165805261665323,1.1478163858388752,0.3603591693687975,-0.3761043897013935,1.1749652110115827,2.2794678354258986,-1.3622082991323659
0.05978440555616869,0.023824810517039108,-0.17740177528622653,1.133361081865441,0.37328403976156016,-0.37729089683762473,1.1733614034529816,2.2844136555234464,-1.365763332733763
0.06656276624947277,0.01632409286039238,-0.18837290036927318,1.1193601507018491,0.3857133948619592,-0.37844631593782896,1.1717098814600329,2.289251039110854,-1.3693097388148305
0.07314279988600078,0.008815291527799474,-0.19870239105563242,1.1058389143870837,0.39763212331752584,-0.37955910360449074,1.1700247236157448,2.2939663689262653,-1.3728256644390837
0.07951620599518427,0.0013044052951045604,-0.20837746992593048,1.0928203458071284,0.40902744712726036,-0.3806176071949431,1.1683212026093692,2.2985477990025363,-1.376287895640321
0.08567590664177357,-0.006202724470060761,-0.21738946786728713,1.0803227698814095,0.41989077164029787,-0.381612248014795,1.166611195678338,2.302983621820086,-1.3796779594999782
0.09161617973568455,-0.0137004395026592,-0.2257323909502838,1.0683624621603647,0.43021534680458445,-0.3825333407717556,1.1649071892672485,2.3072637579233506,-1.3829772685684303
0.09733240734360041,-0.02118317590754859,-0.23340301979019756,1.056953277528119,0.43999657882196597,-0.38337177657048627,1.1632214833373136,2.3113788838159595,-1.3861686294548445
0.10282106787720972,-0.0286455320817387,-0.24040040145613356,1.0461074317524828,0.4492309684291218,-0.38411852968281623,1.1615662053526203,2.3153218752638143,-1.3892331382727081
0.10807732886729102,-0.03608146154246572,-0.24672170448692105,1.0358392244187369,0.4579135538074133,-0.38476435131019826,1.1599533232174188,2.3190846423503606,-1.3921533089270537
0.11309334527976242,-0.043484021293172415,-0.25235673478081927,1.026172307643416,0.46603134527444845,-0.3852960363139333,1.1584014072432085,2.3226574519027636,-1.3949032167799462
0.11787318545824876,-0.0508498640621019,-0.25732283779403725,1.0170978096338938,0.473597827374337,-0.38571284494090474,1.1569126349678793,2.3260388007362645,-1.397479881541635
0.12241911262055466,-0.058175143622877346,-0.2616326830734253,1.0086127739821267,0.48062119831024674,-0.38601139291944087,1.1554935206140318,2.329227298404949,-1.399874546444023
0.1267323202431164,-0.06545585221610206,-0.26529738994973134,1.000715141010732,0.48710889142004477,-0.3861890747982514,1.1541500898375592,2.332220158746321,-1.4020806114766482
0.1308145872916258,-0.07268805766433928,-0.2683289688038439,0.9934022555181682,0.493068307541209,-0.3862433305348897,1.1528886663701599,2.3350163045600794,-1.4040912216298291
0.13466823430933575,-0.07986797270346446,-0.270740779238039,0.9866699364430349,0.49850779244837073,-0.38617224209009515,1.151714349663639,2.337616239435951,-1.4058992860196067
0.13829593279874164,-0.0869920941141672,-0.2725463038843679,0.9805137163035743,0.5034354409830196,-0.3859738852775473,1.15063410671093,2.340020429194421,-1.4074989955783288
0.14170097889964117,-0.09405710641858922,-0.2737614641774469,0.9749254126791669,0.5078622658735189,-0.3856489552249167,1.149650631980457,2.3422293047194254,-1.4088887269184485
0.1448868715413335,-0.10105979279971333,-0.2744021874442471,0.9698970818307797,0.5117986788935615,-0.38519779492528905,1.148767917855523,2.3442455145786134,-1.4100654784064657
0.14785609723339943,-0.10799635270179542,-0.27448223146215694,0.9654235507998613,0.5152522859337594,-0.38461989664725627,1.1479911572906927,2.3460707586970404,-1.411024973531378
0.150613130997202,-0.11486402061078038,-0.27401919717524686,0.9614947095997487,0.5182343224429236,-0.38391651573927266,1.1473244037689287,2.347708859505387,-1.4117655065205201
0.15315798722746293,-0.12165918842616208,-0.27302111545668667,0.9581102814928684,0.5207479812111269,-0.38308663839863877,1.146773656761984,2.3491596027519988,-1.4122809995341439
0.1554984792393349,-0.1283801686549838,-0.27151348986422746,0.9552496854968734,0.5228124905692547,-0.38213637685789303,1.1463369657811848,2.3504302902541276,-1.4125793305705565
0.15764183434931764,-0.13502532536625977,-0.2695202111887421,0.9528935842031341,0.5244457117233378,-0.3810716099321231,1.1460117766245106,2.3515269261927156,-1.412667036778171
0.15959331282515238,-0.14159262032382502,-0.26706007841173013,0.9510287405087277,0.5256601162889017,-0.37989575052526514,1.145799476655116,2.352454314435116,-1.4125471650192414
0.16135823041449077,-0.14808009315922688,-0.2641530305910566,0.9496396850934643,0.5264700905102951,-0.3786140555734627,1.1456990991839113,2.353218398558629,-1.4122247836413537
0.16294195418390217,-0.1544860055316465,-0.2608181863552181,0.9487114338361936,0.5268890916635163,-0.3772313127426403,1.145709750023492,2.353824676372245,-1.4117053308660175
0.1643498986699557,-0.16080837447582474,-0.2570751054355532,0.9482289264248716,0.526930467728845,-0.3757524006237729,1.1458306020505131,2.354278983349276,-1.410993837048119
0.16558752231897084,-0.16704536574889672,-0.2529427055835273,0.9481777070708785,0.5266066405880211,-0.37418168191350554,1.1460623901758882,2.354588217302532,-1.4100942052659173
0.16665957419378435,-0.1731942326762087,-0.24843991071922783,0.9485434291697581,0.5259300754816395,-0.37252424210623303,1.1464042941922095,2.3547587587088543,-1.4090122958668023
0.16757172217751742,-0.17925363458370958,-0.24358610046872037,0.9493095971123974,0.5249146277572416,-0.370785760284268,1.1468540554076234,2.354796509509312,-1.407755029672106
0.16832973406205193,-0.18522218134790125,-0.23840092598610113,0.9504594524603807,0.5235742386112912,-0.36897201459874596,1.1474088345321665,2.3547076789993917,-1.4063303084415573
0.1689563450549163,-0.19110661210456714,-0.23293863958898225,0.951929343658069,0.5219622286506047,-0.36710544983950544,1.1480390052225582,2.3545077607774365,-1.404780691302986
0.1694503102230076,-0.19690716055428814,-0.22719947467100393,0.9537211430166788,0.5200769944363349,-0.36518612743708534,1.1487486631113553,2.35419683642187,-1.4031027954495097
0.1698074780031981,-0.20262096787009376,-0.22118012212127186,0.9558431074241024,0.5179112777875325,-0.3632123792147298,1.1495453466586796,2.353775731392734,-1.401290491784755
0.170036233199619,-0.2082471896370398,-0.21490564601226242,0.9582714495015783,0.5154845398868714,-0.3611919621089581,1.1504225289401147,2.353252709240581,-1.3993553608946128
0.17014170675608162,-0.21378451977130142,-0.2083934556109916,0.9609908409237787,0.5128090823283025,-0.35912987628604265,1.1513779225505858,2.3526339137496626,-1.3973051148210196
0.17012856979560778,-0.21923175014534013,-0.20165920448943836,0.9639878529897864,0.5098953090862208,-0.35703007189978175,1.1524101616404026,2.3519257779204117,-1.3951446372027583
0.17000166810699047,-0.22458776324118246,-0.19471969720167864,0.9672475891512569,0.5067558438369402,-0.35489822784243996,1.1535142327985959,2.3511342522782233,-1.3928829454057075
0.16976533404486022,-0.2298506253547009,-0.18759068046022503,0.9707555951009784,0.5034010884810423,-0.35273824708935786,1.154689248620028,2.350265591059087,-1.3905253804932958
0.1694244000372489,-0.23501959780957915,-0.1802879499741466,0.974497750604786,0.49984268977656254,-0.35055501489272567,1.1559313882549431,2.3493248294312883,-1.3880798829491967
0.1689837110800842,-0.24009399733022374,-0.17282665677432657,0.9784602444460825,0.4960916459746789,-0.3483524501108167,1.1572371174173186,2.3483188749254937,-1.3855530477208036
0.1684478987945973,-0.2450732668867105,-0.1652222705643282,0.9826280512495182,0.4921603054577288,-0.3461358276875348,1.1586024168925848,2.3472518670075635,-1.382953225134456
0.16783189743043644,-0.24995734122635926,-0.15751445081996956,0.9869602725428714,0.48808334047939483,-0.34391647694599614,1.160010068907251,2.3461358846834255,-1.3803038892420316
0.16713677116850967,-0.2547456349904399,-0.14970920005634175,0.9914513272393797,0.4838642478742958,-0.3416961025100719,1.1614606470208595,2.3449738510335525,-1.3776080035414935
0.16635480437614825,-0.2594374567221266,-0.14179043309988254,0.9961200528338118,0.4794856372144338,-0.3394701311568368,1.162964431775996,2.343763219907376,-1.374852559268441
0.16549483509314816,-0.26403291682385543,-0.13378293116508294,1.0009403740087892,0.4749696723539456,-0.337246182655096,1.1645099326745325,2.342511386115628,-1.3720540233158314
0.16456143850631577,-0.26853204241787954,-0.1257004368753349,1.0058979210957506,0.47032777985789576,-0.3350283802909906,1.1660925210057076,2.3412221898582315,-1.3692208775596404
0.16355892166344596,-0.2729347835922823,-0.11755601465727322,1.0109794021512792,0.46557090429896675,-0.3328203881042002,1.1677071652120676,2.339900683320117,-1.3663594677351434
0.1624912685837479,-0.27724026917853994,-0.10936208060553315,1.0161740221277187,0.4607081944068867,-0.33062462033142725,1.1693514611029705,2.338551539772342,-1.3634756636474687
0.1613626894849896,-0.2814485933457683,-0.10113171860765108,1.0214672956059863,0.45575133775665455,-0.32844518514162235,1.1710186848020698,2.3371775819906353,-1.3605778948663612
0.16017715381860564,-0.28555999320039926,-0.09287663525959605,1.0268465735734327,0.45071077035514207,-0.32628535759106403,1.1727033667237468,2.3357829210425445,-1.3576732087438326
0.15893855832717244,-0.2895747630658817,-0.08460823066263812,1.0323009056933603,0.4455966705087041,-0.3241481671068095,1.1744011975013047,2.3343713596655515,-1.3547681240804934
0.15765065749757265,-0.29349317519140594,-0.07633748641045085,1.0378179129043241,0.44041897815071795,-0.3220365659088865,1.1761066909705495,2.3329449153918262,-1.3518694207669077
0.15632569923017609,-0.29731540640747245,-0.06809593547719084,1.0433651445744792,0.43520676271956515,-0.31995748480082253,1.1778065224295986,2.331512204438627,-1.348994620201852
0.1549685628328208,-0.30104162028229375,-0.05989794836394352,1.0489268338693787,0.4299739384457402,-0.31791478477587853,1.1794928665292133,2.3300751968069164,-1.3461524296791887
0.15356613666524965,-0.3046726431164667,-0.05171198278419442,1.054535646467179,0.42469077599243266,-0.31590161225281677,1.1811787348213567,2.32862896474758,-1.3433269034457318
0.15212706746023325,-0.3082090892380428,-0.04356058212293884,1.0601670481201522,0.419379125723113,-0.3139233276689971,1.1828536629915853,2.3271779500926923,-1.3405317916797952
0.15065492844558212,-0.3116514519004695,-0.03545323651129201,1.0658110946491568,0.4140478742239858,-0.311981664428976,1.184513221549042,2.3257240115369204,-1.3377715632963152
0.14915287485702067,-0.31499951236318535,-0.027400141820535295,1.0714570876884866,0.40870674158729015,-0.3100790509319685,1.1861518132146827,2.3242696183728313,-1.335052602041609
0.14762382528759369,-0.31825389329117104,-0.019409484231603047,1.0770958812498646,0.4033641188983462,-0.30821743344724817,1.1877650105053932,2.322817054696049,-1.3323800628810187
0.1460706294358674,-0.3214153206495335,-0.011489128461859122,1.082718265294135,0.39802836791107493,-0.3063986122738931,1.1893479679992927,2.3213669332950264,-1.3297587141574863
0.1444959982730154,-0.32448439095599635,-0.003646131874864733,1.0883164705350792,0.3927064732478523,-0.3046235776885502,1.1908969536811413,2.319920570999081,-1.327192966588232
0.1429025144473731,-0.32746180598945396,0.004111769968086043,1.093881810382945,0.38740722068437644,-0.3028945956971183,1.1924062654368424,2.318479185875333,-1.3246884000866856
0.14129256690865052,-0.33034828989538345,0.011778029172796467,1.0994069997422127,0.3821379120631675,-0.3012130873550537,1.1938713788108568,2.317043154635867,-1.3222494260727689
0.13967534043533075,-0.3331441375083507,0.019328468937131416,1.1048657998995228,0.3769225515885596,-0.299583892138654,1.1952798586818094,2.315616575739363,-1.319889875109911
0.1380601559475103,-0.3358494715503294,0.026739075719116434,1.1102339400450183,0.371784843149561,-0.29801103656349426,1.1966217025624286,2.314202490260099,-1.3176202904692838
0.13642736029627353,-0.3384661305391451,0.034059336992437794,1.1155609696795952,0.3666789128434925,-0.2964852701564792,1.1979161581519935,2.3127924611917803,-1.3154181746767144
0.1347853243188781,-0.34099491510378643,0.041267753670243046,1.1208229720915686,0.3616269773103874,-0.29501101122999807,1.199151029572332,2.3113891843035863,-1.3132957175685998
0.13313508114119615,-0.3434421359590195,0.04837158513870238,1.1260239605115374,0.3566258364210787,-0.29358455922020965,1.2003306887963283,2.309992408839104,-1.311247165538369
0.13147803022750829,-0.3458132652973146,0.0553760730706912,1.1311665199284275,0.3516736386022236,-0.29220270315987185,1.201459053525651,2.3086022364740284,-1.3092674846309516
0.12981595453156905,-0.348112962955231,0.06228444461786675,1.1362518008625444,0.34676989115907697,-0.2908627062806862,1.202539608554249,2.3072191284298267,-1.3073523355405239
0.12815103636134265,-0.35034510061732227,0.06909791536333892,1.141279513605646,0.3419154698240571,-0.2895622917704658,1.2035754255295814,2.305843912053886,-1.3054980504834284
0.12648587205388317,-0.3525127842047501,0.07581569205289085,1.1462479228930087,0.33711262758916904,-0.28829962959851574,1.2045691812317596,2.304477786906142,-1.303701611805621
0.12482346946884658,-0.35461838781748856,0.08243502850103157,1.1511538838180049,0.3323649627107449,-0.28707331664588087,1.205523179060552,2.303122318301176,-1.3019606217548925
0.12316718134697836,-0.3566636380618152,0.08895149082278958,1.15599303842474,0.3276772284528242,-0.28588232759290544,1.2064393872260744,2.301779382982508,-1.3002732327614988
0.12152062758596233,-0.3586497052859773,0.09535925615279583,1.1607600383991579,0.3230551169345295,-0.28472596180699583,1.207319478653977,2.3004511067832762,-1.2986380725080755
0.11988762334558059,-0.36057728797318334,0.10165138896043519,1.1654487510583103,0.31850505918888866,-0.28360379421380155,1.2081648678977464,2.299139806962368,-1.2970541746193094
0.11827211254498655,-0.3624466908051204,0.10782009664136172,1.1700524498904348,0.3140340402172459,-0.28251562985305756,1.2089767452825821,2.2978479388653414,-1.2955209145498832
0.11667810634768251,-0.36425789687070764,0.11385696593965017,1.1745639908045244,0.30964942791459144,-0.2814614618427381,1.2097561084884836,2.296578046585777,-1.2940379502808252
0.11510962626012378,-0.366010634459193,0.1197531816382863,1.1789759751611792,0.30535881482549193,-0.2804414324958996,1.210503791764605,2.2953327173270264,-1.2926051674636345
0.1135706514979277,-0.3677044388437679,0.12549972884787014,1.1832809005761467,0.30116987176832594,-0.27945579735375936,1.2112204929525345,2.2941145391868343,-1.2912226286785933
0.1120650702996168,-0.3693387094314108,0.1310875801236669,1.1874713004135926,0.2970902124377016,-0.2785048919162946,1.211906798482826,2.2929260621081085,-1.289890526498708
0.11059663489183139,-0.37091276262649264,0.13650786854887847,1.1915398728173812,0.2931272681616932,-0.27758910086804545,1.2125632064967922,2.2917697617583856,-1.2886091400738549
0.109168919832151,-0.37242588072961114,0.14175204783667023,1.1954796000650052,0.28928817205228485,-0.2767088296119836,1.2131901482341632,2.290648006118336,-1.2873787949711137
0.10778528347620446,-0.3738773571690138,0.14681204042454538,1.1992838589699732,0.285579651844531,-0.2758644779383401,1.2137880078166696,2.2895630245761316,-1.2861998260270782
0.10644883233474649,-0.37526653833966306,0.1516803744616413,1.2029465230040186,0.28200793077277975,-0.27505641566827166,1.2143571405478588,2.288516879339732,-1.28507254298624
0.10516238810395366,-0.37659286230437183,0.15635031052197873,1.2064620567601403,0.2785786358811797,-0.2742849601242514,1.2148978898404224,2.287511438993258,-1.2839971987164969
0.10392845716844826,-0.37785589459235436,0.16081595881421737,1.209825603330918,0.2752967132108985,-0.2735503552901808,1.2154106028739768,2.2865483540366247,-1.2829739598084968
0.10274920239159507,-0.379055361312885,0.1650723876006795,1.2130330651334527,0.2721663493483001,-0.27285275253449304,1.2158956450785081,2.2856290342597156,-1.2820028793800313
0.10162641702152625,-0.3801911797854335,0.16911572348494713,1.2160811786724364,0.26919089885700875,-0.2721921927790234,1.2163534135315603,2.2847546278134816,-1.281083871920098
0.10056150055421405,-0.3812634868725392,0.17294324417788923,1.2189675836959921,0.2663728171525683,-0.27156859000521494,1.2167843493506327,2.283926001850716,-1.2802166900196612
0.09955542828770474,-0.3822726718688775,0.17655349125742348,1.2216909077862521,0.26371357813222485,-0.2709817121181257,1.2171889514679688,2.283143718515566,-1.2794008975766549
0.09860869068335082,-0.38321943364827404,0.17994648227604199,1.2242509270913449,0.2612135168653694,-0.27043114772870636,1.217567798619509,2.2824079883210193,-1.2786358239268236
0.09772122915584239,-0.3841048402058501,0.18312393391145915,1.2266487356239117,0.2588716638029202,-0.2699162715481743,1.217921571996495,2.2817186209198823,-1.2779205161438
0.09689237667898601,-0.38493038373450716,0.18608946838096094,1.2288869018622326,0.2566855914210011,-0.26943621237781024,1.2182510761981997,2.2810749795679293,-1.2772536949166797
0.09612080284605033,-0.38569803157067517,0.188848804374678,1.230969613606268,0.2546512723663447,-0.2689898234995193,1.2185572586132056,2.2804759390023195,-1.276633713736775
0.09540446305058572,-0.3864102733191298,0.19140993366886314,1.2329028119694985,0.2527629482407899,-0.2685756552871006,1.2188412273470859,2.2799198464791313,-1.2760585211453637
0.09474060517619713,-0.38707012025614185,0.19378310624555714,1.2346941789370263,0.25101314234841104,-0.2681919555278305,1.2191042525157836,2.279404526097955,-1.2755256606734304
0.09412599057464337,-0.38768092802816867,0.1959801035378153,1.2363525803194264,0.24939320797249004,-0.2678367723445618,1.2193477062830889,2.278927444261641,-1.27503241022822
0.09355715216809365,-0.3882461884608369,0.198013387933926,1.2378874141007103,0.24789396965318383,-0.2675080750548252,1.2195729921055773,2.27848590309144,-1.274575945886373
0.09303063319371489,-0.3887693369822526,0.19989531606881286,1.2393080076601906,0.24650631636936737,-0.2672038659654973,1.219781479284181,2.2780772193360073,-1.2741534934025762
0.09254320804241495,-0.38925357448956166,0.2016374111185817,1.2406230602027088,0.24522175023183823,-0.2669222837828692,1.2199744424243892,2.277698889862232,-1.2737624683550648
0.09209203107365005,-0.3897017482140098,0.20324987377453962,1.2418402678700298,0.24403275549829045,-0.26666167276821007,1.2201530212288008,2.2773487030437325,-1.2734005697747577
0.09167455242500094,-0.3901164240750824,0.204741866300415,1.2429665404226293,0.2429325858072034,-0.266420540711665,1.2203182464726938,2.277024675033115,-1.2730657227304012
0.0912883846750008,-0.3904999992465744,0.20612195938684877,1.2440083425337831,0.24191492884294857,-0.26619749355936095,1.220471079823295,2.2767249491232944,-1.2727559892143716
0.09093117950625089,-0.3908548062802043,0.2073985454917992,1.2449720094866001,0.24097359615101344,-0.2659911749434799,1.2206124506726006,2.2764477026567107,-1.2724694857120444
0.0906018456953035,-0.3911819280329064,0.20857552289570974,1.2458604842157954,0.24010571290098282,-0.2658009551922077,1.2207427902153944,2.276192088824443,-1.2722053379194211
0.09029966904598127,-0.3914820742250652,0.20965544448164225,1.2466756937732248,0.23930939673429924,-0.2656264216051456,1.2208623813165083,2.2759575532540084,-1.2719629727150448
0.09002398733519175,-0.3917559029131904,0.210640677331051,1.247419424961109,0.2385829022876691,-0.26546719152436127,1.2209714862455414,2.2757435819177734,-1.2717418586991351
0.08977419031292735,-0.3920040204899168,0.21153340272378274,1.2480933243320367,0.23792462119306262,-0.2653229123343894,1.2210703466768602,2.2755497011329577,-1.271541506193589
0.08954971970226536,-0.3922269816840044,0.21233561613807667,1.2486988981889624,0.23733308207771397,-0.2651932614622313,1.2211591836895979,2.2753754775616315,-1.2713614672419802
0.08935006919936793,-0.3924252895603385,0.21304912725056438,1.2492375125852078,0.23680695056412115,-0.26507794637735516,1.2212381977676545,2.275220518210718,-1.271201335609559
0.08917478447348211,-0.3925993955199295,0.21367555993626997,1.2497103933244609,0.23634502927004597,-0.26497670459169576,1.221307568799698,2.275084470431991,-1.2710607467832529
0.08902346316693983,-0.392749699299913,0.2142163522686099,1.2501186259607762,0.2359462578085142,-0.2648893036596548,1.221367456079162,2.274967021922076,-1.2709393779716665
0.0888957548951579,-0.39287654897355007,0.2146727565193932,1.2504631557985757,0.2356097127878154,-0.2648155411781006,1.2214179983042488,2.2748679007224504,-1.2708369481050807
0.08879136124663799,-0.39298024095022643,0.2150458391588212,1.2507447878926468,0.23533460781150306,-0.26475524478636836,1.2214593135779261,2.2747868752194442,-1.2707532178354537
0.08871003578296666,-0.3930610199754535,0.2153364808554878,1.2509641870481447,0.23512029347839453,-0.2647082721662599,1.2214914994079296,2.2747237541442376,-1.2706879895364205
0.08865158403881533,-0.39311907913086774,0.21554537647637925,1.2511218778205904,0.234966257382571,-0.264674511042044,1.221514632706762,2.274678386572863,-1.2706411073032933
0.08861586352194034,-0.39315455983423064,0.2156730350868743,1.2512182445158722,0.2348721241133775,-0.2646538791804559,1.2215287697916926,2.2746506619262044,-1.2706124569530606
0.0886015934190221,-0.39316873416479836,0.2157240338783181,1.2512567423827337,0.2348345184887783,-0.26464563687398024,1.2215344174812575,2.274639586114394,-1.2706010113052342
0.0886015934190221,-0.39316873416479836,0.2157240338783181,1.2512567423827337,0.2348345184887783,-0.26464563687398024,1.2215344174812575,2.274639586114394,-1.2706010113052342
0.0886015934190221,-0.39316873416479836,0.2157240338783181,1.2512567423827337,0.2348345184887783,-0.26464563687398024,1.2215344174812575,2.274639586114394,-1.2706010113052342
