Data_0,Data_1,Data_2,Data_3,Data_4,Data_5,Data_6,Data_7,Data_8,Data_9
-0.00012108726780498446,-3.997299598866477e-05,0.00018803251208149776,0.0001519995269643306,-0.0003213632808948684,0.0004993285300774002,-0.00033930693029925744,-2.9694252704326412e-05,-3.9892126749617445e-05,0.0
-0.00023017941708676438,-0.00010506459781371853,0.0003127940473290056,0.00023322980703061703,-0.0005152165797682099,0.0008204189488459692,-0.0005334503172562994,-2.410496085812415e-05,-6.132448962636027e-05,0.03782608695652174
-0.0003975566977367356,-0.00020607493959210797,0.0005024591944223426,0.00035567141385969755,-0.0008088833480028173,0.0013080025088222536,-0.0008269386749344275,-1.4259316300594757e-05,-9.36378541668105e-05,0.07565217391304348
-0.0006119114685071574,-0.0003342580288067111,0.0007471653765207092,0.0005147347761163982,-0.0011888478164266776,0.0019376505205005248,-0.0012073176238065096,-2.960133260673206e-06,-0.000135608114786443,0.11347826086956522
-0.0008561655401004267,-0.0004768410392432796,0.0010313468408950212,0.000702651962607411,-0.001633260792498423,0.002670534971653289,-0.0016541027243038916,6.044864213178134e-06,-0.00018516872222611982,0.15130434782608695
-0.001110818206892355,-0.000619320286326186,0.0013371055750244268,0.0009103980815575656,-0.0021169074668883157,0.0034619616725342583,-0.0021435933125887874,8.566376484681096e-06,-0.00023991960289711752,0.1891304347826087
-0.0013544045609396862,-0.0007457753457063384,0.0016446730277857495,0.0011279546446578304,-0.002611888047734891,0.004262539154940634,-0.002649532155282739,4.223116708593545e-08,-0.0002971969143587,0.22695652173913045
-0.0015635973762359813,-0.0008389389034409634,0.0019325127190510359,0.0013443680734613653,-0.0030877689984473195,0.005018438428616834,-0.003143252012062688,-2.4447320836413424e-05,-0.0003540885416950053,0.2647826086956522
-0.0017163128854795905,-0.0008825138227874672,0.002180159802063429,0.0015491733680700096,-0.0035155753786191572,0.005678479575698277,-0.0035974229283022396,-6.950445608460479e-05,-0.0004078127826252244,0.3026086956521739
-0.0018019163488873786,-0.000868791687580141,0.0023775446798831334,0.0017370633248633136,-0.003880894286449826,0.006217397578636763,-0.003998347899119381,-0.00013719004469869487,-0.0004569603740919234,0.34043478260869564
-0.0018191115249192474,-0.0007970775113487458,0.002523064501426263,0.001906922480009589,-0.004181164264207599,0.006631029856935859,-0.004343419195374843,-0.00022748325871032807,-0.0005012375207392833,0.3782608695652174
-0.0017726449365516902,-0.0006712297501336144,0.002620571771239669,0.002060318670313146,-0.004421442733676485,0.006928801566077973,-0.004637146491886631,-0.0003389993529820631,-0.0005410646486359524,0.4160869565217391
-0.0016715340546172373,-0.0004983379160337667,0.0026777552062818444,0.002200691842611848,-0.004612130118692825,0.007129685070865661,-0.004889021072428172,-0.00046937541154967516,-0.0005773606291293255,0.4539130434782609
-0.0015280552280686264,-0.00028796727133234383,0.0027052148013594715,0.0023328906074270616,-0.004767669698017268,0.007259891768827924,-0.005112295672524935,-0.0006154906350990977,-0.0006114195029394985,0.4917391304347826
-0.0013571347962057368,-5.1704397376372725e-05,0.002715905393704599,0.0024628934543112803,-0.004905765465928607,0.007351483515673341,-0.005323250474595192,-0.0007735988931056487,-0.0006448363237308882,0.5295652173913044
-0.0011759651628072344,0.00019712941636493064,0.002724785926297401,0.0025976331128486894,-0.005046889213667273,0.007441497413397815,-0.0055407305812534636,-0.0009394123868664249,-0.0006794604375110716,0.567391304347826
-0.0010037515543751176,0.0004436673463555071,0.002748588285841618,0.002744880933549313,-0.005213955797304249,0.0075713690524469275,-0.005785841396761336,-0.0011081569705932261,-0.0007173647262251558,0.6052173913043478
-0.0008615371687879474,0.0006716278097247601,0.0028056579406464935,0.0029131673631490876,-0.005432099449097859,0.007786534992417224,-0.006081738912703378,-0.0012746105249157103,-0.0007608244512921595,0.6430434782608696
-0.0007720765283104927,0.0008634093711039443,0.002915838796833522,0.003111724698490445,-0.0057285123660132855,0.008136145653555249,-0.006453478519328643,-0.001433130957138589,-0.0008123020220595308,0.6808695652173913
-0.0007597390188139941,0.0010001632278408643,0.003100385805035589,0.0033504438669057163,-0.006132322426446646,0.008672847523155818,-0.006927900617333944,-0.001577677749381294,-0.0008744354941446086,0.7186956521739131
-0.0008504315569219281,0.0010618515230713568,0.003381895206310609,0.003639840162977006,-0.006674495818358832,0.009452609442168629,-0.007533539685494586,-0.0017018294578797974,-0.0009500294490537483,0.7565217391304347
-0.0010715334444361894,0.0010272966613938254,0.0037842460664408214,0.003991024753750732,-0.00738775564597665,0.010534577120490787,-0.008300548417106332,-0.0017987986685427408,-0.0010420474071515871,0.7943478260869565
-0.0014518389791655381,0.0008742249276770566,0.004332549039661167,0.004415679911492578,-0.008306510802483425,0.011980945748090508,-0.009260631559460143,-0.0018614453662632658,-0.0011536052311675326,0.8321739130434782
-0.002021504961805391,0.0005793065366382611,0.005053099736925258,0.004926036650688579,-0.009466791411016005,0.0138568441473358,-0.010446985980894738,-0.0018822893327437547,-0.0012879651683208896,0.87
-0.002812001244289168,0.00011819348967159143,0.00597333499214905,0.005534853905503611,-0.010906188426526348,0.01623022620327154,-0.011894244700420047,-0.0018535219680608232,-0.0014485303013796029,0.9078260869565218
-0.0038560631221597514,-0.0005344438753628453,0.00712179091987723,0.006255398684137329,-0.012663795834067487,0.01917176680568912,-0.0136384234057749,-0.001767017787770589,-0.001638839258831735,0.9456521739130435
-0.005177882171866837,-0.001397103909579197,0.008518766007465671,0.007097165798792431,-0.014768045958203113,0.022733176384124733,-0.0157049773050592,-0.0016158795483192192,-0.0018614427212284496,0.9834782608695652
-0.006755639413527228,-0.0024516077701386405,0.010140648443082614,0.008049526138863011,-0.017190241497209047,0.026864367563401163,-0.01806317023903936,-0.0014003286574433293,-0.0021136116130912853,1.021304347826087
-0.008517575822911056,-0.0036399702018596923,0.01191617798570939,0.009080012872764208,-0.019839683684424115,0.03140476952816717,-0.020621293526514813,-0.0011283266008442997,-0.0023868872152891137,1.0591304347826087
-0.010347716061294811,-0.004868960276307891,0.013731899741053674,0.010136821003657663,-0.022570773347761277,0.036095984795219575,-0.02323364287582283,-0.0008146797908956893,-0.002667737128687927,1.0969565217391304
-0.01222200769477097,-0.0058289856841423375,0.016127167883376852,0.011841374308226172,-0.02643133164051043,0.042325173379746124,-0.027191973327353552,-0.0009035149210446062,-0.0031162912173768797,1.134782608695652
-0.013798956850895876,-0.006887061961989743,0.0176236976269387,0.012708688673865046,-0.028714752191336852,0.046279422748698805,-0.029322998346964422,-0.0005643136710272832,-0.0033480117466119026,1.172608695652174
-0.01572049915515589,-0.008456139872902203,0.01960367188450392,0.013609587092959117,-0.031191276153112367,0.05063506803010343,-0.03188828639927419,-0.00043063765492017337,-0.0035813283780232737,1.2104347826086956
-0.01845065804873072,-0.010107217681131085,0.022396137203245316,0.015436347299199581,-0.03571871361904683,0.05826212088301446,-0.036132023976255936,6.251216888588984e-05,-0.00407815035681177,1.2482608695652173
-0.02117743803920597,-0.011770563317254382,0.02510933043935455,0.01719299826997483,-0.040168901175494764,0.06578744198210384,-0.040213056523233016,0.0006869364518124773,-0.004575702314179681,1.2860869565217392
-0.02375288352326534,-0.013441449160835069,0.027585330002942665,0.018735497495985652,-0.04414480028860317,0.07258216291405829,-0.04380239447133276,0.0013230379397837133,-0.004987761599529307,1.3239130434782609
-0.0262736142351369,-0.015119851056391175,0.029938709225500026,0.020169548125787383,-0.04792351715281278,0.07907955918059677,-0.047136648415195985,0.002034484122561682,-0.005386598011699762,1.3617391304347826
-0.028752423617583477,-0.01680570685916034,0.03218969413073646,0.02150523837249436,-0.05154841603908855,0.08534671579111536,-0.05026306555342791,0.002793485022896802,-0.00577352184109023,1.3995652173913042
-0.031187821386416643,-0.018503184004118906,0.03434582987983119,0.022794201983257805,-0.05501983732319509,0.09137808944021879,-0.05318376444751104,0.0036174486061004165,-0.006128394027557805,1.4373913043478261
-0.033578562805517354,-0.02021391879774522,0.03641171054298314,0.023977184288877476,-0.05833743274645291,0.09717463165517998,-0.05590889209617968,0.004479794581702949,-0.006475313957818835,1.4752173913043478
-0.03592405509390682,-0.021937258791566584,0.038393507575291995,0.0250847200740796,-0.06150469238148129,0.10274109938308312,-0.058447452600774434,0.005398639726477515,-0.0067939053271478134,1.5130434782608695
-0.03823653364299089,-0.023697885604061327,0.04031782234861763,0.026144562616470024,-0.06453515138766047,0.10809206728843232,-0.06082431731632516,0.006327272135222943,-0.007107731923951816,1.5508695652173914
-0.04049219782641399,-0.02547837666242184,0.04215839826065631,0.027097893636881608,-0.0673821368614896,0.11316068382619322,-0.06300105167884434,0.0072861158876105355,-0.007375221636644402,1.588695652173913
-0.04221048191871982,-0.02724182930311999,0.04333555055930086,0.027324794529882283,-0.06866937769631531,0.11579735039576806,-0.06382276711648366,0.008084174064863411,-0.0074744894060659334,1.6265217391304347
-0.04434122662455405,-0.02902556082108805,0.04498132242011747,0.028098254224801923,-0.07116725258946525,0.12031493098818029,-0.06559320843518,0.009090410269160094,-0.007712229607084898,1.6643478260869564
-0.04656851492291157,-0.03084493588806025,0.04674046753368099,0.02901891864322676,-0.07393614978307689,0.12524562226343539,-0.06754849337149181,0.01018362703179115,-0.007972812814390252,1.7021739130434783
-0.04861003655385768,-0.03269320314130585,0.04827509028959373,0.029658545257479126,-0.07613622315945741,0.12929281743435556,-0.0690076434309581,0.011211186056768989,-0.00819196176659449,1.74
-0.050574450907902836,-0.03456831969815128,0.04971581489842399,0.030185436362303083,-0.07809853635809066,0.13296295276371303,-0.07023753845767246,0.012240903922211787,-0.008352284298023201,1.7778260869565217
-0.05247405962281547,-0.0364684014999144,0.05107870593411394,0.0306294828643538,-0.07986117756907544,0.13632009619549812,-0.07127547434845824,0.013252016537030713,-0.008500021697940155,1.8156521739130436
-0.05430602568815278,-0.03839585023541893,0.052363966904199075,0.030955961894665422,-0.0814134500011783,0.13934627282842607,-0.07211625050388994,0.014266858088510106,-0.00861549413631479,1.8534782608695652
-0.05606852468443449,-0.04034872811466031,0.053565538218736664,0.03119495511585818,-0.08275369900650033,0.1420372149561629,-0.07275913814120917,0.015264583863511712,-0.008701286349043547,1.891304347826087
-0.05776665089009887,-0.04235208451881989,0.05470464824613192,0.031312137034034855,-0.08385966785892723,0.1443702710089289,-0.07320751791765572,0.016226021429478796,-0.0087391164467451,1.9291304347826086
-0.05938876332187274,-0.044379467561416544,0.055753362807692546,0.031337758708863635,-0.08473348305968316,0.14633478086460994,-0.07344587193397756,0.017154139798117096,-0.008774012964755025,1.9669565217391305
-0.060933177580386244,-0.04643536579308251,0.056712719597250716,0.031237839810784453,-0.08535848721660994,0.14791668842048514,-0.07347015413811499,0.018072245375926867,-0.008744430817203086,2.004782608695652
-0.06205170741075408,-0.048503333098429684,0.0571228757002699,0.030487396426309134,-0.08462084348015124,0.1474203208535604,-0.07239618877362883,0.018816648262103063,-0.008552572732957679,2.042608695652174
-0.06335842225715442,-0.050596985259408,0.05778295945320255,0.0300413242639115,-0.0844886467826541,0.14784370414374556,-0.07178712797329312,0.01964756471658854,-0.008437134527041213,2.0804347826086955
-0.06482603726296722,-0.05272474943132308,0.058667394957928706,0.029834821294213307,-0.08488393065317822,0.14905363865526686,-0.07157386313956902,0.020578849030067535,-0.008371625612283917,2.1182608695652174
-0.0660719490867863,-0.05488207853511525,0.05927067370151869,0.02929548516657534,-0.0845433359658974,0.1491534419749222,-0.07078421133209242,0.021397669074656758,-0.008229101033178261,2.1560869565217393
-0.06721629440389877,-0.057064776718434095,0.05974577655157576,0.028572026748548498,-0.083868141829189,0.14874351333205027,-0.06972099266324744,0.02215377957106605,-0.008015518103895261,2.1939130434782608
-0.06827108928727744,-0.05927101796078064,0.06011083042958625,0.027719587478155307,-0.08289235826455393,0.14788370147074553,-0.0684216672356068,0.022893029506305635,-0.007777311228754009,2.2317391304347827
-0.06923347716295014,-0.061499112598944985,0.06035387919045416,0.026707138286708967,-0.08160841446935267,0.1465615842796771,-0.06687571954586624,0.023575834453109772,-0.00747543889266546,2.269565217391304
-0.07009650941272097,-0.06377203651004794,0.0604740995259427,0.02552648927664429,-0.07995406686208098,0.1446940582745391,-0.06506114673529463,0.02420657415086325,-0.007135234652803003,2.307391304347826
-0.07085968423994787,-0.06606397570318628,0.06046049363443283,0.024170064088088843,-0.07796177211162116,0.14232292385435213,-0.06298214250724474,0.02478927834549691,-0.006739188302296177,2.345217391304348
-0.07152109177665313,-0.06837357555421301,0.060304937691657165,0.022671704947449915,-0.07561854092088251,0.1394417481211289,-0.06063846093001062,0.025307229789612872,-0.006291563458321586,2.3830434782608694
-0.07207834137101296,-0.07069958046616137,0.060006041193251994,0.020960549974926492,-0.07291847251676095,0.1360384121952892,-0.05802372330712607,0.025785822491089835,-0.00577587359698408,2.4208695652173913
-0.07226025775762639,-0.07302858249223715,0.05916254187521899,0.018624265856818065,-0.06891331712715784,0.13073037793578277,-0.054430042534757195,0.026044426860150963,-0.00509526975051062,2.458695652173913
-0.07245819739164797,-0.07536043584771193,0.05833406485713422,0.016322397817858398,-0.06498144617185325,0.12554141289852694,-0.05088659654464549,0.026344609034065783,-0.00440509492580372,2.4965217391304346
-0.07288645709764961,-0.07770927229135603,0.05783954496635801,0.014419248621300128,-0.06186542023993105,0.12156531491647536,-0.04795625358427661,0.0267851547409294,-0.003828389836587886,2.5343478260869565
-0.07304651645475797,-0.08007387044547565,0.056954463647407555,0.012048771648793028,-0.05779711751928376,0.1162190298284093,-0.04433675946926299,0.02704967168733806,-0.0031119226040619897,2.5721739130434784
-0.07307419513866738,-0.08244902346069286,0.05586945242637853,0.009429805897138866,-0.05326651056629653,0.11021986660190435,-0.04038195702810898,0.027253424516520852,-0.0023477981366044976,2.61
-0.07298268684606077,-0.08482991783678383,0.05460170757374652,0.0066015274273163475,-0.048326931467315884,0.10365189027188426,-0.036139619589575886,0.027401034503415703,-0.001498881417769134,2.6478260869565218
-0.07274975928498897,-0.08723653683624269,0.053126379558864525,0.0035186684647808934,-0.04286880382749756,0.09637078417713786,-0.031547984004217176,0.027435681051054678,-0.0005919487822733362,2.6856521739130432
-0.07238869532531757,-0.08964255617951924,0.05145103320757311,0.00020046406663661173,-0.03697814429307969,0.08849763466720809,-0.02665378982010495,0.027406642583170538,0.00038897694587002745,2.723478260869565
-0.07189704609746222,-0.09204603575188547,0.04957247228655572,-0.003355674417094274,-0.03065504022530416,0.08004050324033825,-0.021463578414913823,0.02729839259681722,0.0014383099951192004,2.761304347826087
-0.07127248065561465,-0.094443144373561,0.0474856994656192,-0.007111455545502781,-0.02389752145851774,0.07100274754700356,-0.015977280501905427,0.02713727193841731,0.0025305453822714948,2.7991304347826085
-0.07051259437813771,-0.09683237206975104,0.04519219064095843,-0.011112867016482767,-0.01670782117372225,0.061393553451100126,-0.010200925909548538,0.02690693588953259,0.0036827983566846767,2.8369565217391304
-0.06938229334593715,-0.09920621853451822,0.04232925884708634,-0.015768493327263208,-0.008254148200945645,0.05003774422440274,-0.003544187734851185,0.0264499127245843,0.004992238201953492,2.8747826086956523
-0.0680882829209171,-0.10156384832117367,0.03921642585409136,-0.020703631759660716,0.0007032045208842534,0.03803094420597539,0.003442568559573816,0.025905326705855727,0.006386006336170385,2.9126086956521737
-0.06712616010237461,-0.10390041979479836,0.036608478397884926,-0.024982377825558632,0.008367750921815723,0.02790651466736383,0.009500466633647767,0.025625398527898715,0.0075731291881787465,2.9504347826086956
-0.06584255132379603,-0.10622161791284201,0.03351393368808317,-0.029812975065349908,0.017087379180765784,0.01636138214160259,0.01626894572174176,0.025142952338096023,0.008894452966404814,2.9882608695652175
-0.06439583399035183,-0.10852050047566159,0.030178803105607,-0.034889634772357264,0.02626636315638439,0.004238322767946706,0.023332709543287176,0.02459520546053839,0.010258572555882747,3.026086956521739
-0.06277207738298078,-0.11080690414705995,0.026590710088320636,-0.04025482176425425,0.035951450098942864,-0.00851879109575244,0.030708179533113496,0.02396675472680141,0.011682597182231984,3.063913043478261
-0.06100269353762873,-0.11305741029216153,0.022793068408897,-0.0458055669119955,0.04598267689661389,-0.021683490267956983,0.03829878740032494,0.023263677017266796,0.013121388226178511,3.1017391304347828
-0.059088886819697546,-0.11526865005276021,0.01879756836518698,-0.0515482572742272,0.056338119936468097,-0.035212997632727595,0.04607823594536718,0.022511905256452268,0.01457384660880666,3.1395652173913042
-0.05703258066811666,-0.11743750610159319,0.014606889899152669,-0.057448170720619106,0.06698938563200794,-0.04906370120280351,0.054032368902283516,0.02173541494636783,0.016038955525547256,3.177391304347826
-0.05483656678808666,-0.11955703125804198,0.01023366472825498,-0.06351382833319946,0.07789803493939683,-0.06318308978769968,0.062135909511587234,0.02091574886493936,0.017495461977149313,3.2152173913043476
-0.052504643090152375,-0.12162689271474962,0.005685508604630198,-0.06971248833465611,0.08903461909078339,-0.07751651538906715,0.07035939198930895,0.020076461394133802,0.018944024390966013,3.2530434782608695
-0.049837030093263096,-0.12363662617932374,0.0006749867658920927,-0.07637943125953532,0.10104412333664624,-0.09294561148781763,0.07913860607978096,0.019076862850084832,0.020446176530560325,3.2908695652173914
-0.04683926905105383,-0.12557858407100778,-0.004777360882463303,-0.08347946764826512,0.1138599334428546,-0.10936367358965304,0.08842367364333908,0.017969622203533386,0.02199789607381277,3.328695652173913
-0.04439002478588616,-0.12746802863319398,-0.00937735707992477,-0.08949775610045599,0.12454803462587476,-0.12278758773484426,0.09625975407978306,0.017270468852711694,0.023229963537622845,3.3665217391304347
-0.04161698317788468,-0.12929267594615818,-0.01440737790753503,-0.09591666941845113,0.13601199776413514,-0.13715217193998608,0.10457714435489038,0.016441104797896837,0.024511595677121373,3.4043478260869566
-0.03867989623218691,-0.13105131626483382,-0.019621935573755335,-0.10250308877784889,0.14769551480122173,-0.15170053310514048,0.11300266936604114,0.015592830716232608,0.025737557647315543,3.442173913043478
-0.03565746881758034,-0.13273470851803085,-0.024907703553441206,-0.10906173706999717,0.15931719767098193,-0.1660534922566706,0.1213556746051893,0.014767667708390232,0.026891738307292024,3.48
-0.03256158326610162,-0.13433633522146268,-0.030249202158096403,-0.11557442921703945,0.1708234810701377,-0.18013647481861772,0.1296051055156905,0.014024777237461452,0.02797953773677298,3.517826086956522
-0.0294052583338469,-0.13585625739687912,-0.035619935022475215,-0.12202434507261577,0.18216664989905265,-0.19388456661398445,0.1377222390402755,0.013317374335669603,0.028945049649305266,3.5556521739130433
-0.026201752058037573,-0.13729047031536873,-0.04100554616334275,-0.1283756277748615,0.19329688781193344,-0.20723569647207393,0.14567847796216707,0.01268338748029011,0.029817764692976652,3.5934782608695652
-0.022964341062733658,-0.13863932856459268,-0.04638463832909434,-0.13459511321114284,0.20417132513945868,-0.22013245149368457,0.15344331136384495,0.012137596901372439,0.030604657376714903,3.631304347826087
-0.019705710496989826,-0.1399011291698683,-0.051741480523993445,-0.1407130184047065,0.21474998431753142,-0.23252578566740537,0.1609966365548579,0.011693672927209594,0.03125128558553506,3.6691304347826086
-0.016434142405128093,-0.1410783553080161,-0.05706152246980963,-0.14665580525476882,0.22501240812997347,-0.24439265724334938,0.1683279763791202,0.01132366683748975,0.03178848263627432,3.7069565217391305
-0.013128883145559201,-0.14217127301963112,-0.06237392668303668,-0.1524772326848658,0.23502255920125206,-0.25581728636798723,0.17547228796895575,0.01106261778493506,0.03222446829420425,3.744782608695652
-0.00965363607817711,-0.14316592091465655,-0.06787005372697821,-0.15842996941083695,0.2451737288538363,-0.2673098451683692,0.1826912336189656,0.010780572763422418,0.03256684389393032,3.782608695652174
-0.006189601169797423,-0.1440656210640657,-0.07330273461132465,-0.16415916326966387,0.25492850690503793,-0.2781833645368599,0.18965045520146032,0.010641463608050995,0.03278205001761632,3.8204347826086957
-0.0028081757100388172,-0.1448714158221191,-0.07858339223561688,-0.16960043413335366,0.2640897885666873,-0.28820022936440814,0.19623552738036765,0.010675146411593846,0.032859340967479674,3.858260869565217
0.0004745259567127125,-0.1455903565829728,-0.08368895106802508,-0.17473482120535297,0.27263274412391486,-0.297303010666654,0.20243193558842254,0.01086864915812213,0.03280907065980152,3.896086956521739
0.003640960431199834,-0.14622084740790903,-0.08860821314980007,-0.1795244919884076,0.28052263363708796,-0.3054994644289944,0.2082303106501438,0.011250560870560122,0.03262052175063051,3.933913043478261
0.006672871283179573,-0.14676749940774692,-0.09332067337980259,-0.1839547448027544,0.2877293503684469,-0.3127358805258765,0.2136158961911728,0.011827032273438723,0.03230407350145077,3.9717391304347824
0.009552762970147196,-0.14723457700298978,-0.09780736457045104,-0.18801197943686263,0.2942268700110047,-0.3189828679404904,0.2185790994644977,0.012583460989130565,0.03184903310560627,4.009565217391304
0.012264046549215606,-0.14762399486170238,-0.10205885865853742,-0.19170390635307846,0.2999933501099626,-0.32423352873602196,0.22311510374158017,0.013567217133080664,0.03130638542210862,4.047391304347826
0.014791783213727915,-0.1479436109962655,-0.10605425898063142,-0.1949767807643141,0.3050085841761296,-0.32850176949599447,0.22721742242721743,0.014761241166419841,0.030642121636908742,4.085217391304348
0.01721082702011451,-0.14818851855022094,-0.10990409962685606,-0.19798380203875782,0.3094953441324219,-0.33204394284396727,0.23103020848083733,0.016129463626023036,0.029885658909660592,4.123043478260869
0.020124875145268502,-0.1483014223463102,-0.11439036225026153,-0.20159714157487266,0.31502728494270466,-0.3368218830589639,0.2354882838843079,0.01733415944525077,0.029084497007844757,4.160869565217391
0.021787503126681103,-0.14848701803724254,-0.11723535457693006,-0.20329584850026,0.3171229158643464,-0.33730497496769957,0.23791965269043755,0.01930067922943377,0.02812024549193037,4.198695652173913
0.023453244981779538,-0.14860593472426806,-0.12009212945693207,-0.20488740320490692,0.3190511804375489,-0.3375489198716014,0.2402842673720382,0.021363148826413794,0.02712688338380143,4.236521739130435
0.024943984761026213,-0.14867737879589793,-0.12273052660871975,-0.20615665541758924,0.3203660809486447,-0.337003537639179,0.2423233668263679,0.023615821433778002,0.0260863038977196,4.274347826086957
0.026213749702593107,-0.14871302821563448,-0.12509794755414347,-0.20704662913467797,0.3209716102688648,-0.33558602228883905,0.24399847770472002,0.026105297639277988,0.02498175898532262,4.312173913043479
0.027254671116995404,-0.14872368454243612,-0.12718429052186742,-0.2075249125976454,0.3208722967301261,-0.3333009385610475,0.24529633142774748,0.02877323277952637,0.02385862654501171,4.35
0.02806627124208978,-0.14871122293177086,-0.12898832681644046,-0.20760210431328752,0.3200824720630167,-0.33015250683366015,0.24623305952093566,0.03166710831853593,0.022738589903302287,4.3878260869565215
0.02864944876835044,-0.1486854935533364,-0.13051703500902645,-0.20730829609795087,0.31862350698207803,-0.3262257867966676,0.2468357559282558,0.034769975082092064,0.02160112664709873,4.425652173913043
0.02900683211072657,-0.14865357855240843,-0.1317667248187463,-0.2066307427153085,0.3165212542696387,-0.3215182976388281,0.24710919175712326,0.03806615587223235,0.020467832723989703,4.463478260869565
0.029142893138145973,-0.14862202869633456,-0.13274818466236285,-0.205577943647405,0.3138036837546828,-0.3160886108292655,0.2470780686487581,0.041541149935554515,0.01935868381287471,4.501304347826087
0.029064032084413105,-0.1485948743714649,-0.13346936414715632,-0.2041983380649495,0.3104966658638013,-0.30999090242072097,0.2467652344469375,0.04520183359681747,0.01829215696315181,4.539130434782608
0.02930913465724535,-0.14850280370357732,-0.1346112061141512,-0.20322655170754653,0.3079002984790718,-0.3047563697443136,0.24690193244022893,0.048770523414782524,0.017244765374436543,4.57695652173913
0.028681614586806393,-0.14856574716016802,-0.13461441185206421,-0.20098860252310752,0.30319794267840333,-0.2970334811252142,0.2458516293971927,0.052801918191542736,0.016275939347248712,4.614782608695652
0.027930395232212222,-0.14864425787645197,-0.13446521231970407,-0.19855332610862148,0.29816458283796105,-0.28897689663961773,0.24465693441196548,0.0569366913338961,0.015379784848415444,4.652608695652174
0.027050452092594164,-0.1487391969703936,-0.13415272263169167,-0.1959152353411708,0.2927925853767909,-0.28053049096038,0.24332867848173073,0.06120766667020274,0.014550850130602285,4.690434782608696
0.026001612391468754,-0.14885947635831956,-0.13362629738259,-0.19298810075804068,0.28698764878715277,-0.2716423489941733,0.24181601460134203,0.06560462875851848,0.013804380982780329,4.728260869565218
0.02478696897652779,-0.1490113105975066,-0.13288372464370235,-0.18977331483882104,0.2807680450186695,-0.2623050266839544,0.24011248674827843,0.07013841687530906,0.013154479606954962,4.766086956521739
0.023415347312848663,-0.14920044808256863,-0.13193107354447922,-0.18633303029813758,0.27415676158110575,-0.2525522147853816,0.23825269965493667,0.07477848060726228,0.0125939021309182,4.803913043478261
0.02189547878925817,-0.14943220602400978,-0.13077192895341708,-0.18264358446704018,0.26718317667977626,-0.2424353648372368,0.23622808564697761,0.07953713770690107,0.012156524623156502,4.8417391304347825
0.020236454141119894,-0.1497054163520695,-0.1294177219443988,-0.17870337772811157,0.25986634934436853,-0.23198178057465227,0.23407129596973658,0.08438520560491715,0.011833105780818795,4.879565217391304
0.018448102279085533,-0.15002508507322113,-0.12787293956626344,-0.17457179464307152,0.2522340528722683,-0.22119642946037557,0.23179224446023924,0.0893159788612704,0.011635385707528433,4.917391304347826
0.01650778427147488,-0.15040598673538172,-0.12609709848235226,-0.17018203691960235,0.2442369113938601,-0.21004333021162813,0.22933923712412338,0.09434354303500152,0.01157422395652234,4.955217391304347
0.014824299553355527,-0.15070557012393693,-0.12466544931150804,-0.16608095654961366,0.23676047154030466,-0.19956446411303302,0.22727309729094458,0.09933891114482965,0.011578513616293312,4.993043478260869
0.012578774693568308,-0.1511875916497606,-0.12242619397663713,-0.1611716387949817,0.22801076829288497,-0.18766017441210292,0.22453012154581628,0.10452766647739267,0.011805648932392967,5.030869565217391
0.010221132514085296,-0.15174504299726047,-0.119983623586847,-0.15608276712051433,0.21899625875551576,-0.1755126338778608,0.22166827406146347,0.10977357723339307,0.01215776345649965,5.068695652173913
0.00785328885643078,-0.15234589234550597,-0.1174747147660894,-0.15092924762843207,0.20993562456322445,-0.1633835401366684,0.21883848549367357,0.11501149368560744,0.012666058769453615,5.106521739130435
0.005423909402375936,-0.15300717251472024,-0.11481720525200499,-0.14565506502069114,0.20071465458332716,-0.15110920516212586,0.21593691170348456,0.12024201624305568,0.01329853269135327,5.144347826086957
0.0029361688830513897,-0.15373043730890093,-0.11201818293766469,-0.14024898113143236,0.1913352296481238,-0.13872080887143753,0.21300951212428448,0.1254859880048559,0.014086446846718772,5.182173913043478
0.0003996785773274941,-0.15451306645310411,-0.10908014649740655,-0.13474117624536522,0.18181329097721324,-0.12622690480840362,0.21003793568028287,0.1307424008941828,0.015038430330129662,5.22
-0.0021765291207853886,-0.15536075131414726,-0.10600540716552653,-0.1291189915042213,0.17216967045661047,-0.11363540502961604,0.2070457832022059,0.135969746949191,0.016121889603023198,5.257826086956522
-0.004783576069337009,-0.15627064130999896,-0.10280218910964951,-0.12341129294199023,0.162417551196852,-0.10099420361652589,0.2040143099483212,0.14117020687990772,0.017367538957200498,5.2956521739130435
-0.007438775159654904,-0.15726038735195988,-0.09943549551513,-0.11760420616355054,0.1525244946729485,-0.08824616407052471,0.20096675248787654,0.1463457977797753,0.01876321364873749,5.3334782608695654
-0.010103328774690763,-0.15831385622582742,-0.09595410506948487,-0.11170518508424819,0.1425619336831114,-0.07546016136510542,0.197904316904358,0.15145781010643636,0.020317949031378374,5.3713043478260865
-0.012504453908693642,-0.1593309167600792,-0.09275817129538487,-0.10612687708848335,0.13311936405870173,-0.06330853341534386,0.19519329611406833,0.15645015002732382,0.021958952293629076,5.409130434782608
-0.015168003308161638,-0.16049688822794414,-0.08906752735353858,-0.10013516106222985,0.12304196577866895,-0.05048586763948644,0.1921581293334696,0.16147380698009395,0.02380147885578264,5.44695652173913
-0.017901058914330886,-0.1617620555669513,-0.08515055610136439,-0.09400449435693473,0.11275672988639933,-0.0375091072898164,0.18904629164707654,0.16642499453926243,0.025810126461197236,5.484782608695652
-0.02053833884403315,-0.16307434626526882,-0.08124130939775794,-0.08794817390718387,0.10262413271661174,-0.024714410078458617,0.18606640905566496,0.17128886086844514,0.027952148173899013,5.522608695652174
-0.023138841082833483,-0.16444442733095851,-0.07725399990538702,-0.0818794729625169,0.09249882749581914,-0.012006969800883532,0.18312743420610267,0.17603138047091302,0.030217540756197203,5.560434782608696
-0.0257011246719356,-0.16587405070245176,-0.07318433849896121,-0.07579931972746838,0.08238026671151738,0.0006806213759619283,0.1802465862928669,0.18070222997762642,0.03263762633455842,5.598260869565217
-0.028217506715001662,-0.16736280816926363,-0.06903850151629094,-0.06972886033921886,0.07227808772512653,0.013288990294117599,0.1773992179940049,0.1852662099965271,0.03520080275247256,5.636086956521739
-0.030680880535273368,-0.16891032214112386,-0.06481814455597894,-0.0636673674330882,0.062207291368825496,0.025824079411571933,0.1746436806696232,0.18973133617171314,0.037876050545019024,5.673913043478261
-0.03309826508243435,-0.1705365308518987,-0.06044770654346485,-0.05761416822289418,0.05216958091843512,0.03825081042679808,0.17185136170084542,0.19396301041509245,0.04067525179078648,5.711739130434783
-0.03544551874413962,-0.1722152446498552,-0.05590395487603321,-0.05162950287615321,0.04222739441093736,0.05047587345988494,0.16896415717820332,0.197857017239313,0.04350795994176277,5.7495652173913046
-0.03771572904729664,-0.17394861188676342,-0.051205974397421375,-0.045667656050384406,0.03240196948156839,0.062494106920275655,0.16600947102377556,0.20141839487955165,0.04641223700434549,5.7873913043478264
-0.03970388761127379,-0.17562703869501461,-0.046706161817889356,-0.040071803109413655,0.023130872846663562,0.07379354951297419,0.16323581399422918,0.20467209111485268,0.04930156543578089,5.8252173913043475
-0.041712332971917114,-0.1773094218826773,-0.04197578990651655,-0.0343478822199411,0.013690870125387809,0.0852193228875257,0.16038615903140285,0.2077020449412092,0.052298791275674855,5.863043478260869
-0.04370911247782809,-0.17898126355202806,-0.03706866815238016,-0.02854607335585524,0.00415549153637964,0.09661994026886954,0.157445918524896,0.2105453248535354,0.055395822186520755,5.900869565217391
-0.04549060367350493,-0.18057843454708802,-0.03231047952624477,-0.022956242287945763,-0.005003527369748903,0.1075712523314815,0.15470591066112305,0.21315506934130293,0.05850402298216744,5.938695652173913
-0.047135033014738696,-0.18212885147136432,-0.027604846515089047,-0.01750162799518537,-0.013974684975350352,0.11822868236623904,0.1520902553948852,0.21556908130793198,0.061683418315166744,5.976521739130435
-0.04865146306372787,-0.1836380497061431,-0.022931597333302148,-0.012151801522256304,-0.022772071278738943,0.128634559501196,0.14958962609964016,0.21782232836964585,0.06490838117486444,6.014347826086956
-0.05003955307328839,-0.18510506323817244,-0.018276130600174016,-0.006898903567843848,-0.03137828833993948,0.13876717580664313,0.14715482081396938,0.21984571837294853,0.06817549403247997,6.052173913043478
-0.05130000221263429,-0.18654725718128726,-0.013635083775420139,-0.001776239148149998,-0.03978130054027292,0.14860645143537957,0.14480119005497472,0.22165649082413513,0.07146130825211933,6.09
-0.05244157216960194,-0.18798069424409844,-0.009009404004669886,0.003225959449996411,-0.0479983773032871,0.15819467476821372,0.14252264562640574,0.22327059223255571,0.07478470870097612,6.127826086956522
-0.0534636439008595,-0.18939791625974234,-0.004466915867887428,0.008157302163814247,-0.0560880963738907,0.16763182472778998,0.14047585526537926,0.22484478498234892,0.07820373868680387,6.165652173913044
-0.05436097867997956,-0.19078593820491704,1.8907546239680824e-05,0.01296224108671946,-0.06400929127500857,0.1768277950288268,0.13858257500901058,0.22628062523053558,0.08169093858330069,6.2034782608695656
-0.05499219644669343,-0.19208608790902285,0.004227126000892489,0.017447382603199592,-0.07140131329175782,0.1854355011426098,0.1369327285046437,0.22752762730335468,0.08516004604254605,6.241304347826087
-0.055570392190169404,-0.19338204798145583,0.008480842358533637,0.02196131017748535,-0.07880697833603104,0.19402653575993345,0.13538633365758912,0.22870139119059396,0.08871385506410334,6.2791304347826085
-0.056218021000272476,-0.19475933973540252,0.013105300157284483,0.026583014493364945,-0.08640379237543062,0.20268329895882578,0.1336110331543437,0.22956396103359378,0.09226486344470751,6.31695652173913
-0.05667668868591987,-0.1961814321821306,0.01771969300587932,0.03087837701228764,-0.0934531592474316,0.2106299401709366,0.1317660067663766,0.2299155151975091,0.09561040733002892,6.354782608695652
-0.057016357745287086,-0.19761250543986844,0.02238158053045161,0.034973310517654926,-0.100170609375401,0.21810230546775577,0.12983619655166553,0.22987552964846997,0.0988064714674717,6.392608695652174
-0.05723702667476728,-0.1990336273091869,0.027065084533084566,0.038882847308440036,-0.10656074932883607,0.22511567842098218,0.1278685360886466,0.2294936574086222,0.10186426693134294,6.430434782608695
-0.0573376797102965,-0.20051249253823222,0.03178684246432648,0.0425397426975495,-0.1125568343131499,0.23158275937287412,0.1258050019800549,0.2286941031672201,0.10473330179259971,6.468260869565217
-0.057308247944034274,-0.20190884489290528,0.03642428974119877,0.04604409444693966,-0.11824725205412653,0.23764595738987718,0.12379479645434137,0.2276704922843418,0.10750888272446059,6.506086956521739
-0.05714246074450903,-0.2031801831586984,0.04094114622533413,0.0493464812597984,-0.12361232423575248,0.243254414340219,0.12183391983412496,0.22641934168721645,0.11017773144194201,6.543913043478261
-0.05684486434088422,-0.20432168227210862,0.04531805396378937,0.052482337971057925,-0.12867442317304092,0.2484422359793712,0.11993895980231781,0.22495771691052455,0.11274785291287011,6.581739130434783
-0.05642027261196663,-0.20534105147472478,0.04954725054083949,0.05546415440559393,-0.13342786964697204,0.25324097010581087,0.11814554734067571,0.22334197832077698,0.11520636434713018,6.619565217391305
-0.05576297793474252,-0.20621093326842813,0.053414624474378246,0.058060035118933956,-0.13758541583330153,0.25735520038036563,0.11654750322900924,0.22154310972745192,0.11756163654155229,6.657391304347826
-0.05498923259777995,-0.20696485536145728,0.05713192768559833,0.06048151177322319,-0.14142505923291615,0.26105942590358244,0.11502873790943821,0.2195951332870604,0.11982141247734139,6.695217391304348
-0.05434513269622016,-0.20767237688215165,0.06114050785981405,0.06316769957698742,-0.1456360685102393,0.26501330573284193,0.11333985695947718,0.21759038160446698,0.12205371652895577,6.7330434782608695
-0.053487024639885104,-0.2082659720820278,0.06479569684876263,0.0654901239770432,-0.14925128582054872,0.2683196725317294,0.11185879178339467,0.21541138858751088,0.12413888486904594,6.770869565217391
-0.0525167746561005,-0.20875824293299788,0.06827412562181318,0.06761807890593548,-0.15252232687558562,0.27119953256819695,0.11044823192470093,0.2131117971000495,0.12612852745570116,6.808695652173913
-0.05142554913910537,-0.20915070256937082,0.07154441902592401,0.06952557487568584,-0.15542631527835307,0.2736524141415554,0.10914346420695323,0.21070065203719837,0.12800952137517213,6.846521739130434
-0.05024088277410412,-0.20945489432322145,0.07464653210284096,0.07124943371966491,-0.15803135478536667,0.2757428005038484,0.10791626682846203,0.20816603255509022,0.12976972793299352,6.884347826086956
-0.04896917501247566,-0.2096794670364145,0.07758293472912141,0.07282371562361117,-0.16035378040632692,0.27750396506651703,0.10678110936616624,0.20557806134789186,0.13145878094198313,6.922173913043478
-0.047615330976580036,-0.20982633467490075,0.08035794027413382,0.07421906414877874,-0.16236609854683418,0.2788916224654838,0.10569051407531749,0.20287987769067903,0.13300086746430462,6.96
-0.04618429365059785,-0.2099013251293138,0.08296945239140811,0.07542861195863114,-0.1640854811027141,0.27993987199846254,0.10468171351706004,0.20012032225488954,0.13444758474270815,6.997826086956522
-0.04468002667275039,-0.20990982919685514,0.0854155319585575,0.07648658149741028,-0.16551563965216293,0.280651853194819,0.10372828570828777,0.1972634231908777,0.13578579811997754,7.035652173913044
-0.04300455670850705,-0.20982640231594768,0.08748339668889336,0.07718118013861591,-0.16636381187154095,0.28078499299824533,0.1029478018746815,0.19433676863796043,0.13700335803882466,7.073478260869565
-0.041164637784773105,-0.2096498243706776,0.08917098169074517,0.0774990860078835,-0.16659655480963234,0.280289382693529,0.10230700383483293,0.19126444079926025,0.1380484514303131,7.111304347826087
-0.039602695696526476,-0.20946214494490292,0.09137510715294167,0.0783409077414181,-0.16762130782983276,0.2804497077862931,0.10143024259158394,0.18832110090633972,0.13913688694009993,7.149130434782609
-0.03785541476211018,-0.20920455180222383,0.09315221610221751,0.07875442026169266,-0.16795246847629308,0.2799325829741289,0.10072067530450167,0.18527391385024036,0.14006254027569995,7.1869565217391305
-0.03602149658181357,-0.20887599939380758,0.09468243256147969,0.07895433305804266,-0.16792607930925274,0.27905661023893175,0.10010490032436052,0.18217124289531664,0.14087819484007438,7.224782608695652
-0.03413868148958097,-0.20848789587767735,0.09603904936604955,0.07895666612534775,-0.16760953131460982,0.27786087561613315,0.0995353084957925,0.17901724933197508,0.1415718131882127,7.262608695652174
-0.03221063675368333,-0.2080432874748167,0.0972229140867851,0.07881681267989891,-0.16702458642297335,0.2763835624194902,0.09900843607837806,0.1758360697154249,0.14215254804559804,7.300434782608695
-0.03024116034421084,-0.20754539768637129,0.09823278198946414,0.0785048619958004,-0.1661751445278881,0.2746336166399267,0.09852107911281413,0.17260945563469884,0.14262886568186445,7.338260869565217
-0.028234374004073696,-0.20699639675601372,0.09907155916627061,0.07805400873618096,-0.1650911865987251,0.2726456868865661,0.09809056129825595,0.16938138939428585,0.14302888475621084,7.376086956521739
-0.026194496092441635,-0.20639829215881966,0.09974396248747408,0.07745438324014946,-0.16372943926676,0.270370673676876,0.09767204497349469,0.16611140518038559,0.14327717822268438,7.413913043478261
-0.02412624008575659,-0.20575294080896078,0.10024826884890368,0.0766765687111605,-0.16212493790105362,0.267848366905259,0.09730520474633975,0.16282293419911334,0.14344598759051075,7.451739130434783
-0.021956873981406468,-0.20505110517739686,0.10041855676235799,0.0755919178134678,-0.16004432579862807,0.26489646873253087,0.0970267396267904,0.15951736295489036,0.14346012473070446,7.489565217391304
-0.019558664348913284,-0.20427450261747737,0.09995730860530846,0.07385827081059743,-0.1569836675125984,0.26106435936606015,0.09689088355708442,0.15603367508643506,0.14325004062771585,7.527391304347826
-0.01760162168775034,-0.20350887572089338,0.10036446454661493,0.07306614175515222,-0.1552927082764883,0.2583778136023818,0.09646090630347566,0.15281126389320468,0.14319772435405956,7.565217391304348
-0.015459456072921516,-0.20268726452059616,0.10023389980166168,0.07172480161900696,-0.1527852088157701,0.25496968398541514,0.0961646141498945,0.14948564850487642,0.14292617085026574,7.60304347826087
-0.013302873015473402,-0.20182924565861904,0.09994474233529088,0.07026090107168406,-0.15007625457347493,0.25138098594162434,0.09589054391402409,0.14616600603171445,0.1425735470697401,7.6408695652173915
-0.01114269175452233,-0.20093665706619981,0.09951294407792804,0.06864305742886084,-0.1471484948879616,0.24757657244434725,0.09559645423347324,0.14283160114336513,0.14210535856772888,7.678695652173913
-0.00898323962553367,-0.2000107727951026,0.09894920309255541,0.06690310378442622,-0.1440412648866464,0.24360305319372266,0.09532442128422203,0.13948354101886654,0.14153027270121832,7.716521739130434
-0.006826896425103578,-0.1990508237567293,0.09825327140755316,0.06505019839044245,-0.1407613300173896,0.23947108238700407,0.09501192873524944,0.13614313715742285,0.14085630677490543,7.754347826086956
-0.004676269212289761,-0.1980541509577351,0.09743100585644118,0.06311309998794097,-0.13734558223010584,0.23522500366531834,0.09474316049054109,0.13285039005359067,0.14011116415351463,7.792173913043478
-0.0025343781375000715,-0.19701983666855685,0.0964756515949507,0.06105754833694406,-0.13374862013325045,0.23080845557616234,0.09443368779350554,0.12954086337304854,0.1392393210158216,7.83
-0.0004042197134673182,-0.1959494867596761,0.09539921901435608,0.058892427432376986,-0.1300085825049708,0.22626465436018128,0.09410685083675235,0.12623610294059057,0.13827056726068146,7.867826086956522
0.0017102170440285772,-0.1948297768899684,0.09420064531138295,0.0566462423271206,-0.12614857529923812,0.2216214026240819,0.09378423929781747,0.12297632600162746,0.13725274590153302,7.905652173913043
0.0037993589616282628,-0.19355850904923108,0.09284851635622512,0.0544062222676963,-0.12229810313983844,0.2170241131893107,0.0935669730590273,0.11981902086515507,0.13625039908238817,7.943478260869565
0.0060257790263798005,-0.19224341503611433,0.09099729129972456,0.05166472093287513,-0.11771190487002658,0.21181202849205735,0.09336600179039746,0.1165739159239336,0.1350392052777047,7.981304347826087
0.008219722745610144,-0.19090421457330137,0.08907189088574415,0.04884480921849445,-0.1130478973505748,0.20654047085905022,0.09315981601127327,0.11332874559359399,0.13373626480187265,8.019130434782609
0.010370439064143968,-0.18954170127647937,0.08709410815238207,0.0460132299754756,-0.10834904213871932,0.2012402743240422,0.09288794473751469,0.11014437684953113,0.1323484586560113,8.05695652173913
0.012475489578261403,-0.1881568121137314,0.08508004418801228,0.043170858267637856,-0.10365568729495483,0.1959643051966886,0.09261617645413,0.1070162495708967,0.13092272648075637,8.094782608695652
0.014534038879472461,-0.18675021090695912,0.08301821893463136,0.04027792881444704,-0.09891305017252516,0.190639740668866,0.0922633540075216,0.10387928357419433,0.129401050656382,8.132608695652173
0.016544502720554508,-0.18532251169142488,0.08092235816744578,0.03739909551820502,-0.09416154705806173,0.18531485758048238,0.091855843817949,0.10081529119138291,0.12781091431440803,8.170434782608696
0.018505618546334472,-0.18387428244975113,0.07879501454976298,0.034492726451880173,-0.089408943474766,0.17999779476499383,0.09141803482374337,0.09777822468551413,0.12615745199391315,8.208260869565217
0.02041642136678501,-0.18240645431301147,0.07664666423796847,0.0316014615119556,-0.08469244782010586,0.17473259788614032,0.09095219943542464,0.09480663932900149,0.12446570050056475,8.246086956521738
0.022276018566068992,-0.18091988857745123,0.07447076779098273,0.02868359317405745,-0.0799559962489926,0.16944639998304442,0.09041986491859828,0.09185504932029112,0.12269795680817566,8.283913043478261
0.024083381600909556,-0.17941578768924069,0.07227750611149111,0.02578169140659464,-0.07523983430614553,0.1641894657883239,0.08982601870832108,0.08894224236449029,0.12085992033190103,8.321739130434782
0.02615262172199284,-0.17798391966091356,0.06933175053472071,0.021981627653811505,-0.06927894367816352,0.15795334761838642,0.08919556153887846,0.08584214880542597,0.11861197796271593,8.359565217391305
0.02766396479057264,-0.17656611989929577,0.06768012781879944,0.01962294804209472,-0.0653248118714194,0.1532926280249648,0.08836894037719796,0.08313686113206124,0.11677607956381676,8.397391304347826
0.02918997034458989,-0.17512887351309167,0.0658419802534778,0.017055709630690953,-0.061114815239223685,0.14843167504935562,0.08748259166490258,0.08041130911984438,0.11479385055639457,8.435217391304347
0.03071107720309473,-0.1736655240563074,0.0638718719168863,0.014376703757637386,-0.056764914336307586,0.14348288550831947,0.08658156968211941,0.07770758730749723,0.11273712780706663,8.47304347826087
0.032186875181384425,-0.17218005799484135,0.06187505044413599,0.011695749766641488,-0.05243451118181865,0.1385623988705953,0.08564668756730955,0.07504434578628892,0.11063178570335237,8.51086956521739
0.03361285037677409,-0.17067210533828045,0.05987786414839037,0.00907385583641595,-0.04817671643357075,0.1337309832235194,0.08468048483041839,0.07247941060403938,0.10852204541027058,8.548695652173913
0.03498827627991566,-0.1691433525811723,0.05786411050575846,0.006445730391674268,-0.043932120091379506,0.12891095249329332,0.08364473580470887,0.06992425935771479,0.10634737472165375,8.586521739130434
0.03631207512250144,-0.16759738846663805,0.05585329068810633,0.0038524155090854536,-0.039741118481868246,0.12414811373090846,0.08258523117538039,0.06743902032182095,0.1041329307738729,8.624347826086957
0.03758223560099107,-0.16603550384638724,0.05385127086532873,0.0012913003960723544,-0.03561490751691298,0.11945237868769584,0.08146317789937974,0.06499816272337801,0.10188169656128641,8.662173913043478
0.038798520248123206,-0.16446092149391509,0.051873620922881725,-0.0011994552171999168,-0.03158940548434658,0.11486334676858614,0.0803441291952105,0.06263893266742801,0.09965729342355067,8.7
0.03996517262511064,-0.16285430638243176,0.0498799671419264,-0.003685990363495003,-0.02759376266092001,0.11030403822603055,0.07914671029345123,0.06031463337457935,0.09735627224673143,8.737826086956522
0.041429988720130866,-0.1611977736122438,0.04697075117791084,-0.0071018399809164206,-0.022320451082912446,0.10483089046081771,0.07801881045515377,0.057860346184621575,0.09470035639163196,8.775652173913043
0.04242646601480503,-0.15955998654877454,0.045180485048068916,-0.009307995112147154,-0.01872642180646653,0.10060203914298652,0.07675234218462593,0.055691567321306715,0.0924465077962584,8.813478260869566
0.04334658452213653,-0.15792533811426857,0.04349405784623334,-0.011389263317822905,-0.015328707374820874,0.09654631144980887,0.0754388475407493,0.053604297450296906,0.0901993989970565,8.851304347826087
0.04427012000275961,-0.1562854779688242,0.041682549466263846,-0.013598459396162017,-0.011757149687506989,0.09236467138167027,0.07408185350155481,0.05151127397070877,0.08783680036997071,8.889130434782608
0.045141634574009847,-0.15464282572632326,0.039901409963593995,-0.0157434025479339,-0.008265192163565081,0.08825726351795145,0.07268462252170632,0.049473790472609205,0.08546881043477945,8.92695652173913
0.04595691486165151,-0.15299759079395658,0.038168649028758696,-0.01782891174289135,-0.004872629733125872,0.08423475032812595,0.0712501723717592,0.047487681457152896,0.08307554618296754,8.964782608695652
0.04671713533363654,-0.1513499668733817,0.03649078194722553,-0.01983915717153835,-0.0016107566146884554,0.08033742563118794,0.06980158184595311,0.04556938119441896,0.08069947790117535,9.002608695652174
0.04742338237280596,-0.14969810440299017,0.03484543305898807,-0.021800070973056727,0.0015884536036254323,0.07648489454209316,0.06827904940301163,0.04369351667126234,0.07827845382208228,9.040434782608695
0.048076660883274794,-0.1480423212739502,0.033244364648943085,-0.023695065663192544,0.004690951788733414,0.07271640098857354,0.06672869539969968,0.0418569052070569,0.07585642034337636,9.078260869565216
0.04867648028638632,-0.14636465291479037,0.03167614073850885,-0.025529085175481643,0.007686544216858913,0.06904390077597763,0.06517289380947505,0.04007689017869552,0.0734537405263796,9.11608695652174
0.04922299541756889,-0.144689056809822,0.030172786496057435,-0.02726612793553772,0.010546325831322147,0.06549671164504987,0.06359176584486138,0.03836951420978102,0.07106896284634277,9.15391304347826
0.049582047199999535,-0.14289771087260655,0.02897288497354508,-0.0285482947841768,0.012783847957953166,0.062422492737590846,0.06206836040964666,0.036810478796426994,0.0688833308507802,9.191739130434783
0.04995697642051991,-0.1410824745019868,0.02762967146728675,-0.029937172682400707,0.015174299028390762,0.05925830001911305,0.060537486244729655,0.035266934258184515,0.06665874769236697,9.229565217391304
0.05033908594939244,-0.13927354177942308,0.026188382882094578,-0.031445045657827624,0.017691805348692427,0.05601696773237343,0.05897941614838324,0.033717431422938815,0.0643575599954592,9.267391304347825
0.05067448151613626,-0.13747246866689403,0.024804472550742473,-0.03286011551548716,0.02009434467059963,0.05288078134574601,0.057416477171857994,0.03224356658856426,0.062086949882508034,9.305217391304348
0.05095936321966039,-0.13567663695795149,0.02346552216153881,-0.0342502045585494,0.022433142967614388,0.049783021582967574,0.0557881724119218,0.03077880483567455,0.05978376196541747,9.343043478260869
0.051196302358375086,-0.13388362481163815,0.022176274661307886,-0.0355563242789744,0.02467910093153513,0.0467613811599336,0.05413997901514386,0.029363038145907926,0.057470726935868015,9.380869565217392
0.051387880256866914,-0.13208916328943598,0.0209269161263886,-0.03680505973245077,0.026838775840344428,0.043812179861669985,0.05247338862926721,0.027992591889458143,0.055168870683642186,9.418695652173913
0.05153628176680852,-0.13028930362322286,0.019724598562518954,-0.038000714739070095,0.02888435329099469,0.04096853073083586,0.05083035574122508,0.026664067033762784,0.05291792951315585,9.456521739130435
0.05163845603689669,-0.12846822078866368,0.018539420333517343,-0.03912698297602709,0.030866994041369892,0.03817179896378977,0.049148251469488084,0.025354032117327202,0.05065322272405542,9.494347826086956
0.05169908735153546,-0.12664170767282976,0.017388354609975364,-0.040209355807488176,0.03277133386125459,0.035440781850181236,0.047470580880582834,0.024101675107425415,0.04839607009408135,9.532173913043477
0.051719587294474664,-0.12481422901806442,0.016270871689581214,-0.04123083803253826,0.03460223095269626,0.03276852205527998,0.04575643673552068,0.02288238280463937,0.04614590506125817,9.57
0.052001413018158825,-0.12305280551577791,0.01447033791787448,-0.04306835277057455,0.03750493720120686,0.02935940588171856,0.043947692481901425,0.021511089148576044,0.04347616907201264,9.607826086956521
0.052058558766057667,-0.12134639682256501,0.013241022341506776,-0.044321732062601794,0.03961377955932689,0.02649811135398027,0.042112305196986215,0.02026292987354395,0.04104723799558636,9.645652173913044
0.05188618835251353,-0.11965435958624442,0.012540083595534712,-0.04499421135464548,0.04097206793415819,0.024133408170144376,0.04027256046447439,0.01910838254452566,0.03878018939428432,9.683478260869565
0.05177243081781984,-0.11794721364861957,0.011615807209227409,-0.04590027768862143,0.042613944451311024,0.021593057725125965,0.03842878509291494,0.01795927684007891,0.03641943380606136,9.721304347826086
0.05163115852348442,-0.11623014963354653,0.010693903276162585,-0.046778963760021136,0.044217887125938174,0.01908904965584999,0.03656099402386102,0.016835491994701305,0.034093723393087416,9.759130434782609
0.05145493450750903,-0.1144998539255494,0.009804624896867226,-0.04759174837585052,0.04571979272029273,0.01668154908879259,0.034731850503676276,0.015735128943942224,0.03180042976718134,9.79695652173913
0.05124581413178517,-0.11275934763722073,0.008919151591531903,-0.048384148858010165,0.04719629102704041,0.014286226007095174,0.03289788125346132,0.014676718409537041,0.029496546956577028,9.834782608695653
0.050998535140533895,-0.11098910920572404,0.008053427864679642,-0.04911711930384178,0.048588425523725665,0.011965057904012921,0.03105944820295376,0.013636826596387699,0.027243731219156894,9.872608695652174
0.05072001690119874,-0.10920962716250406,0.007201915026641818,-0.04979511696609311,0.049922810852487266,0.00969422453539549,0.029257460849855876,0.01263435195673221,0.024997577811704613,9.910434782608695
0.0504111010930231,-0.107421594778429,0.006379777145823092,-0.05042226480355414,0.05116928969515897,0.00750443930191386,0.027468898410493166,0.011666488202540432,0.02281844912848929,9.948260869565217
0.0500722213842485,-0.10562768206468712,0.005564523744075169,-0.05104295126578802,0.05239937457852813,0.005320646581828529,0.02565217930363275,0.010690064804699646,0.020599881533442534,9.986086956521739
0.0499220708722359,-0.1037978990114805,0.004191649979157807,-0.05222570693351383,0.05436695596983637,0.0026656440625861095,0.023829702635673026,0.009685436380139092,0.018182534094212867,10.023913043478261
0.049656994292208725,-0.1019613094575083,0.003055638298650833,-0.05311688236258859,0.05596583657240687,0.00026657133041766193,0.0220221875800277,0.0087155803748826,0.015885625644248003,10.061739130434782
0.049097953053154966,-0.10015494113172937,0.0026459079546421144,-0.05323116216250213,0.056521726416152065,-0.0014332146242454775,0.02028937408477735,0.00787932563916434,0.013923284179045023,10.099565217391305
0.048623443355407386,-0.09834406767187383,0.001962597041419003,-0.05364118132247339,0.05747007394717468,-0.0033990913450524483,0.018503935394842023,0.007004353227038683,0.011803807978905578,10.137391304347826
0.048132991999949665,-0.09653105569862343,0.0012717011133886803,-0.05406102375807386,0.05841018621790689,-0.005353452599031977,0.01673068046883461,0.006134141676912059,0.009680993643323756,10.175217391304347
0.04761724518581611,-0.09471200812920788,0.0005920476673620304,-0.05444937801096011,0.059310221102739286,-0.007272817218604089,0.014948408168114796,0.005288621280463658,0.00759566624511954,10.21304347826087
0.047069782256312025,-0.09287114774826592,-6.097659774850233e-05,-0.05474774362583942,0.06010826486535413,-0.009098947882359133,0.013218656864783173,0.00446594020116317,0.005565301620309549,10.250869565217391
0.046499879621245924,-0.09102836913735798,-0.0007157424337510946,-0.05506430653224331,0.060909346150335296,-0.010936216447403758,0.011476625415021147,0.003664385490215532,0.0035249154918741738,10.288695652173914
0.045907597270029264,-0.08918381616372535,-0.001355889337764718,-0.05533683986430812,0.06167266243084272,-0.012743212858481266,0.009723234829807432,0.002862085313657889,0.0014955468289113087,10.326521739130435
0.045293802187120834,-0.0873376219045669,-0.001986571200958922,-0.055609220552779164,0.06240713228911823,-0.014524236262781607,0.007999911756959945,0.0020590955814076026,-0.0005236306784964141,10.364347826086956
0.044659093459581516,-0.08548990945629152,-0.0026064691657649215,-0.05584088533326452,0.06310883299993547,-0.016281234635820995,0.006263826420380051,0.0012757553664713526,-0.002513094010692062,10.402173913043478
0.04416835282921808,-0.08361644785548178,-0.0036282253580700516,-0.05648120973813473,0.06432798087027758,-0.01835075123440197,0.004556510702505571,0.00044972888605416926,-0.004637370581468216,10.44
0.04367607464269842,-0.08172931196674033,-0.0047052176520336495,-0.057154659237920305,0.065615962765275,-0.020467927651261274,0.002814944812937541,-0.000375207677270418,-0.00680519997260431,10.477826086956522
0.04283241732005631,-0.07988430322374723,-0.004922401040852445,-0.056945818415691365,0.06570168509813992,-0.02180958020433346,0.0011431342961966625,-0.0010774119293128156,-0.00858728123966444,10.515652173913043
0.042095449239199036,-0.07804174484917263,-0.005431663491692687,-0.05703666364373972,0.06620498400330226,-0.0234218674366683,-0.0005453019260022006,-0.001828387644058291,-0.01051972940020236,10.553478260869564
0.0413510658333876,-0.07619739559411554,-0.005949392178250085,-0.057120695479680565,0.06668879411124864,-0.025000468758711647,-0.002228829569423676,-0.002583902249145623,-0.012408680730248076,10.591304347826087
0.040579333022101816,-0.07433718862517966,-0.006458722247784148,-0.05717813757159441,0.0671444334036087,-0.02657022670570093,-0.0039078167774795405,-0.0033233279714743515,-0.01429797220475,10.629130434782608
0.03979122844753664,-0.07248057189159801,-0.006956226125307606,-0.05723127150661236,0.06758010089845215,-0.028121660852605056,-0.005562316726498109,-0.00404787147725187,-0.016167290956550315,10.666956521739131
0.03898737137124793,-0.07062524739008336,-0.007446848246488211,-0.05726013304017508,0.06799526574496194,-0.029658174220066467,-0.007234740673565484,-0.004799223645375325,-0.01803842229618178,10.704782608695652
0.038168131736611564,-0.06877111820322775,-0.007916903593624122,-0.05726654260239307,0.06835697713600992,-0.03114233988952611,-0.008862882249849486,-0.005514511757189762,-0.019850368210581063,10.742608695652173
0.037334054614813504,-0.06692012341806171,-0.00838822203109655,-0.057272471447444954,0.0687361923566349,-0.03265111842111284,-0.010510924702142304,-0.006257302685899683,-0.021709004388276023,10.780434782608696
0.03648503557601099,-0.06507202795445628,-0.00884853641333534,-0.057257668272791454,0.06909102390696681,-0.03414208913751638,-0.01215708810841766,-0.007005246363910815,-0.023529679634217104,10.818260869565217
0.03573560158583817,-0.06320632700696646,-0.00958472376867258,-0.05752799832479401,0.0698189040106251,-0.03586409337204822,-0.013801513397129768,-0.007778243691351788,-0.025477539868892812,10.85608695652174
0.035080718248402074,-0.061318254779984864,-0.01057812235974834,-0.05804178925511654,0.07086750919850601,-0.03777545878325135,-0.015444330927097263,-0.008554128288191697,-0.027482184149169614,10.89391304347826
0.03402071725317429,-0.059484552337874426,-0.010602343642540977,-0.0575432527620566,0.07058371037639105,-0.03884558673099179,-0.017024799211252988,-0.009251534183924288,-0.02907274447615433,10.931739130434783
0.033084848516526134,-0.05765448102721949,-0.010935144880891371,-0.057406704207181934,0.0707533171556568,-0.04020671370336989,-0.018649031224660065,-0.009998071419084851,-0.030828035767126016,10.969565217391304
0.032214997598272496,-0.05595487008634181,-0.01124007314426254,-0.05726960446097928,0.07089609480869527,-0.04145471758700661,-0.020143954071925155,-0.010684898674024354,-0.032441516557882,11.007391304347825
0.03140076837884837,-0.05436706773010953,-0.011515417675932612,-0.057117911169482456,0.07099564416749911,-0.04258367759326279,-0.021509489396124837,-0.011311640108788792,-0.03391055935194758,11.045217391304348
0.030631996973987663,-0.05287292945337328,-0.011759213811770152,-0.0569372190380481,0.0710349447377361,-0.04358666856595118,-0.022744581684273492,-0.011877459992182735,-0.035231400090123675,11.083043478260869
0.029898734317075744,-0.0514547799849674,-0.011969262023289875,-0.05671278705190632,0.07099640129822346,-0.04445583630890265,-0.023847271554028042,-0.012381097193612483,-0.03639922339269124,11.120869565217392
0.02919123004782552,-0.05009537809516103,-0.012143145532479202,-0.05642956365517024,0.07086188700544162,-0.045182467263964875,-0.024814763543889815,-0.012820897088040946,-0.03740824140845035,11.158695652173913
0.028500114886688778,-0.048778205324280156,-0.01227838433307007,-0.05607272032697353,0.07061345035210098,-0.04575757489114234,-0.025643843046491782,-0.013195016943189013,-0.03825224731026307,11.196521739130434
0.027817161163344595,-0.04748869690187243,-0.012372990842887104,-0.055629675996059294,0.07023597036449072,-0.0461740078541996,-0.026332324653940677,-0.01350214352805103,-0.038926568958976,11.234347826086957
0.027135394473393172,-0.04621441650174519,-0.012425570699597923,-0.055090438767613104,0.0697176113993518,-0.046426834308370496,-0.02687932919520695,-0.013741629275417342,-0.039428434362003204,11.272173913043478
0.026448999683411713,-0.04494489660864588,-0.012435278269224886,-0.05444741173502972,0.06904957674409293,-0.04651317543849785,-0.027285185768359973,-0.013913442357089603,-0.03975682916233362,11.31
0.025753233985631084,-0.04367149085744143,-0.01240177549151848,-0.05369521335579733,0.0682258806969904,-0.04643205148181281,-0.02755134112038559,-0.014018120503454903,-0.0399123648158629,11.347826086956522
0.025044346473511753,-0.042387237446859245,-0.012325193811927702,-0.05283051129919045,0.06724313774137299,-0.04618423929900565,-0.0276802758235174,-0.014056728286591866,-0.039897156655425356,11.385652173913043
0.024319503749151525,-0.0410867327971976,-0.01220609896867266,-0.05185186875538596,0.06610036753174292,-0.04577214062746633,-0.027675426738343164,-0.01403081760714378,-0.03971471110002363,11.423478260869565
0.02357672111013774,-0.03976601468370778,-0.012045458420786744,-0.05075960227139536,0.06479881450593786,-0.04519966021553204,-0.02754111529217824,-0.01394239114467625,-0.039369821323366,11.461304347826086
0.02281479889738551,-0.03842245413497257,-0.011844611219055624,-0.04955565024930215,0.06334178102638066,-0.044472093096666075,-0.027282481136561027,-0.01379386854925802,-0.038868470747263476,11.499130434782609
0.02203326361688813,-0.03705465543890634,-0.011605240136635823,-0.048243451307131396,0.06173447303573553,-0.04359602031807345,-0.026905420780436232,-0.013588055168673238,-0.0382177437730221,11.53695652173913
0.021232313477336204,-0.03566236364830518,-0.01132934588987691,-0.04682783176265414,0.059983857288389855,-0.042579212489670226,-0.02641653082584941,-0.013328113121092819,-0.03742574320798084,11.574782608695653
0.020412768012415334,-0.03424637902348074,-0.01101922329258202,-0.045314901555906395,0.058098529289575,-0.04143054056688021,-0.02582305546096441,-0.013017534537295422,-0.03650151388505908,11.612608695652174
0.019576021481431484,-0.03280847789169654,-0.010677439198698836,-0.04371195797751932,0.05608859113905298,-0.040159893324721856,-0.025132837891104504,-0.012660116809721886,-0.03545497201083815,11.650434782608695
0.01872399976488944,-0.03135133944214658,-0.010306812099308747,-0.042027396617424516,0.05396553853652665,-0.03877810102133869,-0.02435427541246545,-0.012259939697850563,-0.03429683981253667,11.688260869565218
0.017859120492902926,-0.02987847801131054,-0.009910393249841836,-0.040270628992406556,0.05174215626164419,-0.03729686478676493,-0.023496277855300046,-0.011821344150669514,-0.033038585086462756,11.726086956521739
0.01698425616397389,-0.028394180446907342,-0.009491449212750708,-0.03845200635158898,0.04943242149300314,-0.0357286913075337,-0.022568229143863888,-0.011348912717463277,-0.03169236528033231,11.763913043478261
0.016102700029863408,-0.026903448169552216,-0.009053445709483823,-0.03658274919650888,0.047051414378229274,-0.03408683240993962,-0.021579951739365135,-0.010847451427790642,-0.03027097576941348,11.801739130434783
0.01521813453909724,-0.02541194357978946,-0.008600032683560795,-0.0346748820871859,0.04461523531129942,-0.03238522917455668,-0.02054167374969311,-0.010321973030464088,-0.028787802011960198,11.839565217391304
0.01433470175178186,-0.023926102698474793,-0.008135100022017012,-0.032741430978897694,0.04214126522360325,-0.030638723761549684,-0.01946417735390806,-0.009777770288258561,-0.02725701792592697,11.877391304347826
0.0134573672870294,-0.022453726000760135,-0.007663037712039732,-0.030797378682182266,0.03964941678178946,-0.028864045907234293,-0.01835947263886682,-0.009220750171475525,-0.025694497286245933,11.915217391304347
0.012591958160605595,-0.021004038295898395,-0.007188767871556644,-0.02885977573985514,0.03716228131715942,-0.0270799348752481,-0.01724088435412895,-0.00865747659103129,-0.02411792886849224,11.95304347826087
0.011745098180180763,-0.019587581902185916,-0.006717704839430331,-0.026947585347088496,0.03470492792581819,-0.025306988742001456,-0.01612295331225402,-0.008095121127910896,-0.02254668032383578,11.990869565217391
0.01092414818593696,-0.0182161178337842,-0.006255718258888154,-0.025081539902484448,0.03230471763631425,-0.023567524985719526,-0.015021345184076612,-0.007541417457912952,-0.021001672263371622,12.028695652173912
0.010137150773129596,-0.01690253439853001,-0.0058090989296948935,-0.023284008317817788,0.02999113151470625,-0.02188545153130618,-0.013952766134335692,-0.007004619194538628,-0.01950526178612559,12.066521739130435
0.0093921204036438,-0.015659689813658825,-0.00538406731585229,-0.0215771693129043,0.0277933840975888,-0.020284404623290484,-0.012933701934000463,-0.006492873604189662,-0.018079530036008595,12.104347826086956
0.008694410488744636,-0.014496123113596195,-0.004984939198540677,-0.019976209813422817,0.02573153312515848,-0.01878079782764451,-0.011975703087277818,-0.006011880424303654,-0.016739884072646708,12.142173913043479
0.008046254211060498,-0.013415305251417604,-0.004613808621770443,-0.018488145368831796,0.02381493873678283,-0.01738262088912254,-0.011084572125988207,-0.005564488138552094,-0.015493952721251675,12.18
0.0074469985417308605,-0.012416019204949749,-0.004270714522669788,-0.017112433005585886,0.022043065791062546,-0.01609007151785245,-0.010260794707494653,-0.005150907820872838,-0.01434216994020204,12.21782608695652
0.0068933207062679734,-0.011492711574914195,-0.003953794864500895,-0.015841538116361246,0.02040622601188905,-0.01489613979193272,-0.009499938380287084,-0.004768910941200142,-0.013278314436055656,12.255652173913044
0.006380108806957167,-0.010636925884213957,-0.003659904219320581,-0.014663218760320276,0.01888856519460618,-0.01378894881125695,-0.008794243139553551,-0.00441461891279854,-0.012291666215105562,12.293478260869565
0.005903317573011931,-0.009841952592784479,-0.0033866100608034373,-0.013567918424050434,0.017477728534885172,-0.01275932004656833,-0.008137757783300769,-0.004085053154647535,-0.01137397361657706,12.331304347826087
0.005460568755032564,-0.009103806148319854,-0.003132614306241188,-0.012550324542238672,0.016166898894758506,-0.0118023710430682,-0.007527425949548424,-0.0037786741680465676,-0.01052092559532709,12.369130434782608
0.005051026098402151,-0.008421020687190911,-0.0028976682332713943,-0.011609050201563945,0.01495438147764282,-0.010917193214831665,-0.006962869003328197,-0.0034952736054410195,-0.009731856175671834,12.406956521739131
0.004656902350419996,-0.007763938585422438,-0.0026715769899611514,-0.010703235579745915,0.013787545761776555,-0.010065377804542993,-0.006419598356344626,-0.003222557762545514,-0.008972532650966631,12.444782608695652
0.004272881132309063,-0.007123700208311518,-0.0024512784982352975,-0.00982063353426523,0.01265061055718438,-0.009235386689303415,-0.005890244525615012,-0.002956828214440066,-0.00823266206136774,12.482608695652173
0.003898227087094704,-0.00649907946558273,-0.0022363512550501482,-0.00895955477822648,0.011541399923646027,-0.008425631867107944,-0.005373795009880552,-0.0026975766699327878,-0.007510829044374354,12.520434782608696
0.003532204857802271,-0.005888850266960651,-0.002026373757362022,-0.008118310024734265,0.01045773792094123,-0.007634525335951601,-0.004869237307882444,-0.002444294837831792,-0.006805618237485678,12.558260869565217
0.0031740790874571186,-0.00529178652216986,-0.0018209245021272354,-0.007295209986893181,0.009397448608849725,-0.006860479093829405,-0.0043755589183618855,-0.002196474426945192,-0.0061156142782009095,12.59608695652174
0.002823114419084597,-0.004706662140934931,-0.0016195819863021042,-0.006488565377807818,0.008358356047151249,-0.006101905138736372,-0.0038917473400600726,-0.0019536071460811,-0.0054394018040192435,12.63391304347826
0.002478575495710059,-0.004132251032980442,-0.001421924706842945,-0.00569668691058277,0.00733828429562553,-0.005357215468667517,-0.0034167900717182024,-0.001715184704047627,-0.004775565452439882,12.671739130434782
0.0021397269603588573,-0.003567327108030973,-0.001227531160706075,-0.0049178852983226325,0.006335057414052305,-0.004624822081617862,-0.0029496746120774727,-0.0014806988096528863,-0.00412268986096202,12.709565217391305
0.0018058334560563435,-0.0030106642758110976,-0.0010359798448478102,-0.0041504712541319995,0.005346499462211308,-0.003903136975582422,-0.0024893884598790796,-0.0012496411717049908,-0.00347935966708486,12.747391304347826
0.00147615962582787,-0.0024610364460453953,-0.0008468492562244677,-0.003392755491115464,0.004370434499882274,-0.0031905721485562142,-0.002034919113864221,-0.001021503499012052,-0.0028441595083075976,12.785217391304348
0.0011499701126987895,-0.0019172175284584419,-0.0006597178917923643,-0.002643048722377623,0.0034046865868449356,-0.002485539598534258,-0.0015852540727740935,-0.0007957775003821826,-0.002215674022129432,12.82304347826087
0.0008265295596944537,-0.0013779814327748148,-0.00047416424850781584,-0.0018996616610230683,0.0024470797828790264,-0.0017864513235115694,-0.001139380835349894,-0.0005719548846234952,-0.0015924878460495608,12.86086956521739
0.0005051026098402151,-0.0008421020687190911,-0.00028976682332713943,-0.0011609050201563946,0.0014954381477642821,-0.0010917193214831666,-0.0006962869003328198,-0.000349527360544102,-0.0009731856175671834,12.898695652173913
0.00020178539470099612,-0.0003364146992171403,-0.00011575978631881806,-0.0004637737813440628,0.0005974174133795333,-0.000436134074395406,-0.0002781613999034635,-0.00013963358412015945,-0.00038878053000753496,12.936521739130434
0.0,0.0,0.0,0.0,0.0,0.0,0.0,0.0,0.0,12.974347826086957
0.0,0.0,0.0,0.0,0.0,0.0,0.0,0.0,0.0,13.012173913043478
