-0.000528042382504845,-0.0005917308265432576,-0.00012301173528716833,-0.0003882664577241446,0.00022221996013273084,0.0002387633885102089,0.0003046503401580015,0.0004463015964812751,9.877353027683455e-05,-0.001
-0.0052804238250484595,-0.005917308265432586,-0.0012301173528716854,-0.0038826645772414526,0.0022221996013273124,0.0023876338851020933,0.00304650340158002,0.004463015964812758,0.0009877353027683473,-0.010000000000000018
-0.010560847650096888,-0.011834616530865137,-0.002460234705743364,-0.007765329154482883,0.004444399202654612,0.004775267770204173,0.006093006803160022,0.00892603192962549,0.0019754706055366885,-0.019999999999999976
-0.015841271475145385,-0.017751924796297766,-0.0036903520586150577,-0.011647993731724362,0.006666598803981939,0.0071629016553062825,0.009139510204740063,0.013389047894438282,0.0029632059083050427,-0.030000000000000065
-0.02112169530019374,-0.023669233061730237,-0.004920469411486719,-0.01553065830896574,0.008888798405309208,0.00955053554040833,0.012186013606320024,0.017852063859250953,0.003950941211073371,-0.03999999999999988
-0.026402119125242207,-0.02958654132716283,-0.006150586764358406,-0.019413322886207195,0.011110998006636523,0.011938169425510426,0.015232517007900048,0.022315079824063715,0.004938676513841719,-0.04999999999999991
-0.03168254295029052,-0.03550384959259525,-0.007380704117230057,-0.02329598746344854,0.013333197607963773,0.01432580331061245,0.01827902040947998,0.02677809578887635,0.005926411816610039,-0.05999999999999965
-0.03696296677533914,-0.04142115785802801,-0.00861082147010178,-0.02717865204069011,0.015555397209291152,0.016713437195714616,0.021325523811060093,0.03124111175368924,0.006914147119378416,-0.06999999999999997
-0.04224339060038746,-0.047338466123460446,-0.009840938822973433,-0.03106131661793146,0.017777596810618405,0.019101071080816646,0.024372027212640035,0.035704127718501885,0.007901882422146737,-0.07999999999999972
-0.04752381442543577,-0.05325577438889286,-0.011071056175845084,-0.03494398119517281,0.019999796411945655,0.021488704965918672,0.02741853061421997,0.04016714368331452,0.008889617724915056,-0.08999999999999946
-0.052804238250484074,-0.059173082654325276,-0.012301173528716734,-0.038826645772414146,0.022221996013272904,0.0238763388510207,0.0304650340157999,0.04463015964812715,0.009877353027683375,-0.09999999999999919
-0.05808466207553239,-0.0650903909197577,-0.013531290881588384,-0.042709310349655485,0.024444195614600154,0.026263972736122722,0.03351153741737983,0.04909317561293978,0.010865088330451694,-0.10999999999999892
-0.06336508590058132,-0.0710076991851908,-0.014761408234460179,-0.04659197492689728,0.026666395215927664,0.02865160662122503,0.03655804081896012,0.05355619157775293,0.01185282363322013,-0.11999999999999983
-0.06864550972563024,-0.07692500745062392,-0.015991525587331974,-0.05047463950413908,0.028888594817255173,0.031039240506327333,0.03960454422054042,0.05801920754256609,0.012840558935988565,-0.13000000000000073
-0.07392593355067793,-0.08284231571605565,-0.01722164294020348,-0.054357304081379974,0.031110794418582163,0.03342687439142908,0.04265104762211999,0.0624822235073782,0.013828294238756767,-0.1399999999999993
-0.07920635737572565,-0.0887596239814874,-0.018451760293074992,-0.058239968658620876,0.03333299401990916,0.035814508276530835,0.04569755102369959,0.06694523947219033,0.014816029541524976,-0.1499999999999979
-0.08448678120077457,-0.0946769322469205,-0.019681877645946786,-0.062122633235862666,0.035555193621236665,0.03820214216163314,0.04874405442527987,0.07140825543700348,0.015803764844293407,-0.15999999999999878
-0.08976720502582347,-0.10059424051235358,-0.020911994998818573,-0.06600529781310445,0.03777739322256417,0.04058977604673543,0.051790557826860144,0.07587127140181661,0.01679150014706184,-0.16999999999999965
-0.09504762885087242,-0.10651154877778672,-0.022142112351690377,-0.06988796239034627,0.039999592823891685,0.04297740993183775,0.054837061228440453,0.08033428736662979,0.017779235449830278,-0.1800000000000006
-0.10032805267592133,-0.1124288570432198,-0.023372229704562163,-0.07377062696758804,0.04222179242521919,0.045365043816940044,0.05788356463002072,0.08479730333144292,0.01876697075259871,-0.19000000000000145
-0.1056084765009678,-0.11834616530865016,-0.024602347057433385,-0.07765329154482803,0.044443992026545656,0.04775267770204124,0.060930068031599595,0.089260319296254,0.019754706055366684,-0.1999999999999977
-0.11120407776033972,-0.12465946925282004,-0.02591528953499349,-0.08177867180328974,0.04680845672448777,0.050299040731109225,0.06417412816351044,0.0940110215405529,0.020806851692209485,-0.2106403830408846
-0.11623650141812368,-0.1307609806144548,-0.0271891380323377,-0.08559739013715507,0.04903021883806044,0.05274960947972106,0.06724723523280612,0.09849436499495935,0.02180708413948553,-0.22064039637179098
-0.12123458561602807,-0.1368879939450531,-0.028469040948624937,-0.08940725315081131,0.05125191952018541,0.05520889109440807,0.07032402459634156,0.10298052121426707,0.02280904652559623,-0.2306404076869829
-0.1261967757963369,-0.1430416634638422,-0.029755272311546337,-0.09320785989395192,0.05347355593078185,0.05767727990975931,0.07340466285626115,0.10746961740252554,0.023812817131931042,-0.24064041662830662
-0.13112151735061747,-0.1492231434121669,-0.031048106154320024,-0.09699880939920816,0.055695125226181766,0.0601551702673421,0.07648931661443911,0.1119617807602027,0.024818474240453307,-0.25064042282180427
-0.13600725555265036,-0.15543358810319025,-0.032347816527492475,-0.10077970066482562,0.057916624558985504,0.06264295653267848,0.07957815247963158,0.11645713848962472,0.025826096137065196,-0.2606404258775997
-0.14085243548316473,-0.16167415197787907,-0.033654677512228406,-0.10455013263527853,0.060138051077947605,0.06514103311437633,0.08267133707558089,0.12095581780118622,0.026835761115410986,-0.2706404253899864
-0.1456555019458174,-0.16794598966728813,-0.034968963235099744,-0.1083097041795737,0.062359401927800935,0.0676497944854048,0.08576903704998358,0.12545794592017603,0.02784754748109536,-0.2806404209373073
-0.1504148993742835,-0.1742502560616503,-0.03629094788448655,-0.11205801406731486,0.06458067424911111,0.07016963520670269,0.08887141908448688,0.12996365009443298,0.02886153355637559,-0.29064041208204205
-0.1551290717298747,-0.18058810638626352,-0.03762090572859606,-0.11579466094226357,0.0668018651780604,0.07270094995310018,0.09197864990561377,0.13447305760265932,0.029877797685300744,-0.30064039837065315
-0.15979646238958678,-0.18696069628473028,-0.03895911113522272,-0.11951924329349446,0.06902297184626982,0.07524413354176165,0.09509089629680406,0.13898629576364016,0.030896418239364083,-0.31064037933367933
-0.16441551402399024,-0.19336918190954538,-0.040305838593256364,-0.12323135942388187,0.07124399138055894,0.0777995809631318,0.09820832511147323,0.14350349194619744,0.031917473623642445,-0.32064035448563083
-0.16898466846473179,-0.19981472002044126,-0.04166136273603128,-0.12693060741591752,0.07346492090269684,0.0803676874145338,0.10133110328720081,0.1480247735800163,0.032941042283464325,-0.33064032332492704
-0.17350236656130025,-0.20629846809077856,-0.04302595836658407,-0.13061658509477908,0.07568575752915006,0.08294884833651886,0.10445939786109645,0.15255026816738715,0.03396720271162809,-0.3406402853339071
-0.17796704802658378,-0.21282158442212157,-0.044399900484857154,-0.13428888998847185,0.07790649837077923,0.08554345945200698,0.10759337598631707,0.15708010329579555,0.034996033456167024,-0.35064023997869864
-0.18237715127100523,-0.21938522826745907,-0.0457834643169518,-0.13794711928506753,0.08012714053255192,0.08815191680838741,0.11073320494986841,0.1616144066515301,0.036027613128710674,-0.3606401867092509
-0.1864659528243326,-0.2255951091561844,-0.04708718562480285,-0.14139385404256016,0.08221471417216944,0.0906176291022661,0.11369279781229474,0.16589385537337994,0.037016484883654034,-0.37005846892496164
-0.19074508748488062,-0.2322253262555545,-0.04847735777366282,-0.14504581569928784,0.08442933887409328,0.09324792439789739,0.1168397210468864,0.1704443675211576,0.03807610719416765,-0.38005841910972393
-0.19496346047449836,-0.23889825017404062,-0.04987694650918562,-0.14868426776663005,0.08664339910680625,0.09589273917434782,0.11999261156530067,0.17500028417434305,0.039140474526088063,-0.3900583601957411
-0.19911946569984385,-0.24561500940593,-0.05128620065999558,-0.15230885304886305,0.08885687986839935,0.09855245708344783,0.12315162696515561,0.17956174800371766,0.040209712250794734,-0.4000582915678952
-0.20321149503955743,-0.2523767338553338,-0.052705369365690466,-0.15591921389499236,0.09106976613460675,0.10122746225573222,0.126316925037469,0.18412890185247358,0.04128394589578609,-0.4100582125945963
-0.20723793810424967,-0.25918455500469656,-0.054134702113997964,-0.159514992145337,0.09328204285653441,0.10391813935772264,0.12948866379016075,0.18870188875746655,0.04236330116339578,-0.42005812262755365
-0.2111971819820502,-0.2660396060936199,-0.05557444878020559,-0.1630958290749504,0.09549369495829185,0.1066248736527235,0.13266700147303495,0.19328085197183886,0.04344790395066067,-0.4300580210017185
-0.2150876109691535,-0.2729430223081257,-0.057024859668892765,-0.16666136533367548,0.09770470733446088,0.1093480510651629,0.13585209660419634,0.1978659349889223,0.04453788037034506,-0.4400579070351139
-0.21890760628502567,-0.27989594098078163,-0.058486185558057596,-0.17021124088281228,0.09991506484743999,0.11208805824862952,0.13904410799800299,0.2024572815675468,0.0456333567731745,-0.45005778002874613
-0.22265554577170932,-0.28689950180185064,-0.059958677745675586,-0.17374509492820722,0.10212475232460651,0.11484528265765183,0.14224319479452438,0.20705503575868583,0.04673445977128945,-0.460057639266357
-0.22655841857879316,-0.29440447170201045,-0.061533559778827324,-0.1774839930997663,0.10447415601775827,0.11779821840943226,0.14565446005491176,0.21195127109706677,0.047914988445796766,-0.4707005972459478
-0.23012202496053666,-0.3014882158747347,-0.0630052802855866,-0.1809608852297333,0.10667387387856755,0.12058816403967247,0.14886120124133956,0.21654017902996175,0.04904029749148734,-0.480700506537885
-0.23360687697983723,-0.3086242069550321,-0.06448736290459897,-0.18441926249667295,0.10887234024854806,0.1233962150194616,0.15207501828254708,0.22113450390592634,0.05017237136208907,-0.49070040139365545
-0.23701132118526264,-0.31581354141310797,-0.06598002509522076,-0.18785873605281522,0.11106952874915654,0.12622275129724111,0.1552960595662014,0.22573435922061336,0.05131135201632232,-0.5007002810275574
-0.24033370020298725,-0.32305731830531464,-0.06748348482960462,-0.19127891612377143,0.11326541293588238,0.12906815371707253,0.15852447382640084,0.23033985873126608,0.05245738174740348,-0.5107001446362026
-0.24357235235049846,-0.33035663953082633,-0.06899796064360862,-0.1946794119178304,0.11545996629219973,0.13193280410759833,0.16176041017853207,0.23495111648349395,0.05361060321628751,-0.5206999913988706
-0.24672561123052805,-0.33771261010027886,-0.07052367169007023,-0.19805983153028284,0.11765316222294424,0.1348170853751083,0.16500401815547347,0.23956824683881814,0.05477115948643429,-0.5306998204766378
-0.24979180530572567,-0.3451263384181093,-0.07206083779480375,-0.20141978184347636,0.1198449740475927,0.1377213816013858,0.16825544774587317,0.24419136450401416,0.05593919406036919,-0.5406996310124808
-0.25276925745286055,-0.35259893657806296,-0.07360967951520639,-0.20475886842194244,0.12203537499312397,0.14064607814610258,0.17151484943411224,0.24882058456165076,0.05711485091793934,-0.5506994221309375
-0.2555906210004894,-0.35999818889758467,-0.07512956711397518,-0.20805884876368227,0.12418558804014367,0.14354156390943318,0.17472988895466124,0.2533899039182767,0.058310477767933536,-0.5605536149117012
-0.2583448025637546,-0.3675505208052052,-0.07667086444248618,-0.21140806226801495,0.12636113347269906,0.14649577981431972,0.177997121987989,0.258034041846982,0.05955295812385549,-0.570553402022833
-0.26100312332590786,-0.375162849122692,-0.07822283337471132,-0.21473802813663653,0.12853456013010292,0.14947088559941663,0.18127232317053768,0.26268474743774556,0.06080617554931253,-0.5805531676590445
-0.26356385363194407,-0.382836255870389,-0.07978566635929563,-0.21804839892025685,0.13070582966412178,0.15246725799036032,0.1845556360792108,0.2673421389231278,0.06207032369079011,-0.5905529108733777
-0.26602525616086453,-0.3905718278499122,-0.08135955669497716,-0.22133882562533386,0.13287490355328926,0.15548527537697454,0.18784720492185214,0.27200633505223404,0.0633455970506348,-0.6005526306992154
-0.26838558534728757,-0.3983706570059033,-0.0829446985949272,-0.22460895759786745,0.13504174309006675,0.15852531793921903,0.19114717458523098,0.2766774551302144,0.06463219105179735,-0.6105523261498903
-0.27064308677831467,-0.4062338408034064,-0.08454128725387224,-0.2278584424022652,0.13720630936748812,0.1615877677785829,0.19445569068513543,0.28135561905953077,0.06593030210536976,-0.6205519962184343
-0.27283624478058593,-0.41433852573588376,-0.08617833296345236,-0.23115879298180483,0.13941658550657793,0.16474238120847362,0.1978489523870338,0.286143029237065,0.06727922256362126,-0.6307854296207169
-0.2748311259853181,-0.42228570939262283,-0.08775320566853478,-0.23434739833066554,0.14156349411441882,0.16783658794768522,0.20116728458042812,0.29079729998032067,0.06864452430090755,-0.6407851365621258
-0.2767159432405003,-0.43029798858787205,-0.08933793099516125,-0.2375135186243674,0.14370741048623661,0.17095357792347327,0.20449419746251424,0.2954571360742612,0.07002393134819299,-0.650784816322095
-0.278488903370595,-0.4383764232820239,-0.09093266935123029,-0.24065678735558693,0.14584828573820147,0.1740937220986709,0.207829830608582,0.30012262788590244,0.07141767340718519,-0.6607844678177474
-0.28014820229920673,-0.4465220798651612,-0.09253758211710351,-0.2437768357847394,0.14798607068612907,0.1772573936858853,0.21117432443712256,0.304793866324369,0.07282598157349934,-0.6707840899444
-0.2816920242988226,-0.4547360316006089,-0.09415283171273309,-0.24687329278665432,0.15012071582504355,0.18044496830273332,0.2145278202682517,0.30947094287874044,0.07424908843277671,-0.6807836815751876
-0.2831185412104095,-0.463019359086051,-0.09577858166743652,-0.24994578469101184,0.15225217130785998,0.1836568241332158,0.21789046038438376,0.31415394965728166,0.07568722816061947,-0.6907832415603858
-0.2843143334025723,-0.47077802486806025,-0.0972829370135644,-0.25281756666408495,0.15423107588017007,0.1866720466508698,0.22102891205508307,0.3185435897008097,0.0770687062977553,-0.7001140119847105
-0.2854515359344909,-0.4791277829036541,-0.09888342629853601,-0.2558979093419419,0.15634161985108583,0.18992348919304933,0.22439378694056686,0.32326805943349607,0.07858972419293718,-0.7101135521418531
-0.2864638323373623,-0.4875469684222226,-0.10049292545842077,-0.25895557366847866,0.15844821339347365,0.19319992399273975,0.2277675355246183,0.3279999805985258,0.08012869158301034,-0.7201130577734866
-0.28734932323021506,-0.49603663653018665,-0.10211157138163776,-0.2619902145812038,0.16055079628737118,0.19650173084586633,0.23115029249919775,0.3327394661642099,0.0816858812962962,-0.7301125276417385
-0.28810609298536416,-0.5045978513457026,-0.10373950212501241,-0.2650014840618082,0.16264930779463746,0.19982929279185227,0.23454219370327015,0.3374866300580499,0.08326156849230743,-0.7401119604833238
-0.28873220874852873,-0.5132316865426151,-0.10537685698432715,-0.2679890309580294,0.16474368662779998,0.20318299630941017,0.23794337619214947,0.3422415872248197,0.08485603080242902,-0.7501113550084917
-0.28921994811832624,-0.5223499438165079,-0.10707854070485254,-0.2710929237558221,0.16693482901286172,0.20672664618995745,0.2415250867175113,0.34722394869164963,0.08658388791207629,-0.7606255225004027
-0.28951325072723777,-0.5310557429175011,-0.10867343930358284,-0.2740067065198217,0.16900702751592167,0.21011226108995212,0.24493614648290424,0.35194200132080977,0.08828136821425278,-0.7706249403524684
-0.28966836131714274,-0.5398339253212906,-0.11027570435469917,-0.2768948747526588,0.17107439788046516,0.21352416709918806,0.24835648265469004,0.3566660736422759,0.09000086554396917,-0.7806243172689317
-0.2896832933765456,-0.5486855308391811,-0.11188544162389327,-0.27975706001951506,0.17313687053919938,0.21696274188094702,0.25178622831048864,0.36139625181575313,0.09174269625851297,-0.7906236518720512
-0.28955603933343776,-0.5576116102931895,-0.113502757995775,-0.2825928899752827,0.17519437518424372,0.22042836709731106,0.255225517933698,0.36613262290738774,0.09350718006653295,-0.8006229427546782
-0.2892845693597857,-0.5666132261417942,-0.11512776153751919,-0.2854019881428269,0.17724684072525723,0.22392142863643588,0.25867448749357264,0.370875274941606,0.09529464021842268,-0.8106221884793973
-0.28881077814066286,-0.5756028275378701,-0.11669856959292509,-0.28824958855554117,0.17928038515728473,0.22743073558448484,0.2621161956767718,0.3755956459641055,0.09716815179544527,-0.8206119683631717
-0.2881803517481359,-0.5846664015997596,-0.1182697199413925,-0.29108269075902304,0.18130892358178774,0.23097025078752978,0.2655690258926205,0.3803233243525609,0.0990766050556888,-0.8306111862969355
-0.2873977086831624,-0.5938051245711053,-0.11984633461371036,-0.2938908626315672,0.18333172935261255,0.23453793058269684,0.2690313374107404,0.3850565194745959,0.1010116240435081,-0.8406103555220802
-0.28646072607397566,-0.6030200437472659,-0.12142848968296027,-0.29667375623029757,0.18534872234177868,0.23813416746691068,0.27250326216457854,0.3897953078601454,0.1029735790985084,-0.8506094744910146
-0.2853672530613126,-0.6123122202185436,-0.12301626222296519,-0.29943101902097874,0.1873598213620122,0.24175935910685206,0.2759849338221367,0.39453976704144506,0.10496284544023113,-0.8606085416216029
-0.2840237812242461,-0.6219195489728317,-0.12460773437761964,-0.30225836405428064,0.1894239497360932,0.24551968844673386,0.27958778906643805,0.3994014178731707,0.10713277758111844,-0.8709498989195869
-0.28253846031902335,-0.6312465105492142,-0.12612384207549446,-0.3049669183676008,0.1914088100066061,0.24917577700015145,0.2830773418127283,0.4040822395494265,0.10930145481658654,-0.8809489725340917
-0.2808887913308631,-0.6406491531005045,-0.12764290326812425,-0.3076490847679744,0.19338708484300612,0.25286084301562445,0.28657656131367965,0.4087663401836462,0.11150262782806149,-0.8909479909303717
-0.2790725422438516,-0.6501285036375869,-0.12916495792663474,-0.31030450460267484,0.19535868461565697,0.25657527971699123,0.29008557853311995,0.41345376386910077,0.11373673776487897,-0.9009469524161019
-0.27708744710696814,-0.6596856047734517,-0.13069004662773537,-0.31293281376188137,0.19732351832928957,0.2603194863017321,0.29360452642116097,0.4181445553627977,0.11600423248083745,-0.9109458552589338
-0.2750412680821937,-0.6685842893886267,-0.13206454955429883,-0.3153952290816438,0.1991418019763484,0.2638290254502299,0.2968838464578254,0.42246652815707497,0.11815005241237324,-0.9202621465750834
-0.2726611242144368,-0.6781815752605054,-0.13352329213185996,-0.3180263656995771,0.2010841472723709,0.2676227385940628,0.30040994042402464,0.4270880830566354,0.12048721613162454,-0.9302610304494345
-0.2701043034395559,-0.6878555842904825,-0.13498280983469008,-0.32063129703781995,0.2030191942555199,0.27144694264567865,0.30394589848492287,0.431710640881174,0.1228590363499879,-0.9402598519902865
-0.2673684319570628,-0.6976073464463739,-0.13644311292988023,-0.3232096707031224,0.20494684465929167,0.27530204693146076,0.30749185282755276,0.4363342146369689,0.12526597851592192,-0.9502586093427066
-0.26452592315248846,-0.7071921553224744,-0.13786781690724143,-0.3256979129927672,0.20681927137637635,0.2790913092816826,0.31095925996036716,0.4408436398083961,0.12764726286989095,-0.9600083063708005
-0.26136555759724295,-0.7169498903664039,-0.1392242972910927,-0.32832561863219223,0.20872319897656624,0.2829737541465605,0.31450077360636763,0.4454271562479711,0.13027342746298476,-0.9700070202077099
-0.2580178831174784,-0.7267833132541865,-0.1405782524860842,-0.3309290956109931,0.21061919195983872,0.28688706896007243,0.3180518519739091,0.4500103886909854,0.13294063747261736,-0.9800056654121235
-0.2544803901835527,-0.7366934371162454,-0.14192964850826612,-0.3335080189883697,0.21250714379837998,0.2908316669468868,0.3216126228422324,0.45459333283420045,0.13564944260753928,-0.990004239978494
-0.25074926760996225,-0.7466775500591416,-0.14327773252519152,-0.33606037338760064,0.2143858713634604,0.2948064908366968,0.32518158614667714,0.4591736824844824,0.13839970856948766,-0.9999977289300224
-0.24656827996771874,-0.7571794672315123,-0.14463816809080596,-0.338691244760761,0.21635062057932086,0.2990206779294123,0.32894413992928295,0.46396875267216625,0.14137624933097825,-1.0105108566718122
-0.24237836361837206,-0.7671679959117893,-0.1458870105841736,-0.34114744704356315,0.21820797638599804,0.30305406175381727,0.33252704191479426,0.4685078664073301,0.14427299781227623,-1.0205017840933839
-0.23796936058190638,-0.7771705589854443,-0.1471187246875688,-0.3435494725546818,0.22003939079897916,0.3070956557365945,0.33609330887107114,0.47300805575381455,0.147203371709634,-1.03041108661053
-0.23333661775684136,-0.7871730747274546,-0.14833061449699295,-0.34589100419679714,0.22184083117244022,0.3111398996145418,0.3396368163619776,0.477460677656296,0.1501647511237303,-1.0402199408439212
-0.22867156477820738,-0.7967873840458661,-0.14945323475308567,-0.3481622576070438,0.22355872001500526,0.31504084196927595,0.3430345796456666,0.48167935321101674,0.1530863144708217,-1.0496223266227904
-0.22359415846717254,-0.8067896884535775,-0.15054607026138878,-0.35064819695053395,0.2253507209551535,0.31912810244860995,0.346578116658097,0.4859828132301152,0.15626454036364942,-1.059467094163604
-0.21828930994374066,-0.816791942582566,-0.15161648274718442,-0.3530801861820602,0.22711368131575127,0.32321913335278435,0.35009980841889354,0.4902363619956152,0.15947871041003944,-1.0692164677191542
-0.21275686234815785,-0.8267941452338787,-0.1526644565605648,-0.3554581876644157,0.22884758078440115,0.32731393681623167,0.353599639392888,0.49443996445474037,0.1627288491230304,-1.078870380105536
-0.20703935397568443,-0.8367266440275638,-0.15366861765408202,-0.35777257325523365,0.2305518746176772,0.3313949653686592,0.35706963093918515,0.4985661108483603,0.16601289048117338,-1.088412097533844
-0.20105506163796735,-0.846728631034484,-0.15459846512162478,-0.36007375121385665,0.2322840567368478,0.33555330238975684,0.36060738854115487,0.5026749833437658,0.16944217856270125,-1.0981244745404741
-0.19483938087046246,-0.8567305632610217,-0.15550349262263277,-0.3623208711632331,0.23398822173728973,0.3397170043469751,0.3641251408457845,0.5067331991108175,0.17291097433648223,-1.107746568586667
-0.1883920100080498,-0.8667324395397207,-0.15638366762667236,-0.36451386222168186,0.23566433282341775,0.34388607779426267,0.3676228613275121,0.5107406915137183,0.1764193290455984,-1.1172782606489737
-0.18141450283017932,-0.8771774016539441,-0.15725167999119186,-0.3668130714691227,0.23740247630865563,0.34826105835105703,0.3712612401192054,0.5148891184359511,0.18015864908040777,-1.1272120415317923
-0.17450097766409234,-0.8871790355173659,-0.15799727184369786,-0.36912150585420395,0.23908102486155233,0.35249352911553244,0.37474174952519207,0.5188517995832334,0.18386112085184392,-1.1368165948056175
-0.1673507060756687,-0.8971806102645398,-0.1587152473105265,-0.3713805237590456,0.24073245429976475,0.3567328706079362,0.3782023971207405,0.5227641548318566,0.1876070235658053,-1.146335466614269
-0.15996317680360944,-0.9071821247142039,-0.15940554658976067,-0.3735900180720886,0.24235670579851437,0.36097909724116944,0.38164313958597806,0.5266260749293141,0.19139645075639,-1.1557684706508191
-0.15225497054373377,-0.9172973965848941,-0.1600301713857881,-0.375827329026242,0.24400764310984518,0.3653104514548864,0.3851820501318419,0.53048383744398,0.19537206880916935,-1.165364140775295
-0.14439419911825033,-0.9272986388354932,-0.16057160147123709,-0.3780441252902409,0.24564962715315636,0.3696313900747805,0.38874381296220567,0.5342495411847432,0.19945146523486382,-1.174913055665051
-0.13628990475865957,-0.9372998165573693,-0.16108224186428216,-0.3802127894224748,0.24726554609665913,0.37396094744557873,0.39228923434896984,0.5379635901131279,0.20358070402934367,-1.184381142778884
-0.12794130727217073,-0.947300928493195,-0.16156199376041952,-0.3823331668224118,0.24885531617281553,0.3782991507552387,0.3958182615083482,0.5416258181681095,0.20775994461690084,-1.1937681418858683
-0.1194492207475577,-0.9572107590671114,-0.1619199261896215,-0.3845927927992971,0.25046366104172957,0.3826588233039234,0.3992389631657897,0.545138777747004,0.2119961460211017,-1.2032209050205842
-0.11063520203493314,-0.9672116335949359,-0.16222618971893385,-0.3868793452207112,0.25207591626208936,0.38708153995181693,0.40265823038321025,0.5486136694563996,0.21633469213952433,-1.212739982057243
-0.10157107809287896,-0.9772124383747073,-0.1624980050103665,-0.3891228286383047,0.2536631840723616,0.3915147854139127,0.4060587782863742,0.5520333252623231,0.22072600657507901,-1.2221831100438312
-0.09199044281408915,-0.9798644454085889,-0.16155379613861523,-0.3884987167447773,0.2533764089735423,0.39300078066927824,0.4064559449977639,0.5513505040360464,0.2234448584895721,-1.222555068780585
-0.08199105586158821,-0.9819880381913638,-0.16034407406539422,-0.3876747851803694,0.2529563812947556,0.39432425911018293,0.4067507051519443,0.5502630721858706,0.2263012451183077,-1.2223595134627019
-0.07199192810501083,-0.9842597360373522,-0.15915668367371202,-0.3869073457993271,0.2525733544452934,0.39570777020458603,0.40710611634004795,0.5492559225871392,0.22919457880645547,-1.222344939026326
-0.06199324950833279,-0.986804644588369,-0.15801048429770798,-0.3862441133089966,0.2522585805952182,0.3972020254003309,0.4075734093551688,0.548396863874018,0.2321560757988555,-1.22266421351966
-0.05199202524192208,-0.9890074154995421,-0.15665688248447404,-0.38549915181917654,0.2518704056244925,0.39856594167387566,0.4078554956688755,0.5473206274685632,0.23502452926211662,-1.222714423548592
-0.04199289882576333,-0.991144599915413,-0.15520401240915158,-0.38475785587641564,0.2514731280833309,0.39990793175640044,0.408084898834454,0.5461912876772504,0.23787140773121826,-1.2227713884848703
-0.031994747436134285,-0.9939040943554158,-0.15384409189048315,-0.38425418453895654,0.25123137864334627,0.4015022191835743,0.4085688891782856,0.5453990791872293,0.24087351204056703,-1.2235896031287794
-0.021999989530109478,-0.9982902434833788,-0.1526733549796667,-0.3843727640737763,0.25138313979968874,0.4037427409375371,0.40972059765885,0.5454658704389671,0.24429342194839238,-1.2263981999896
-0.011999996925111318,-0.9998556770857762,-0.15058641811588472,-0.38342325641629604,0.25070966096431513,0.4047185771579916,0.40973847136673736,0.5437986836383986,0.24712238283660776,-1.2257592030491804
-0.001999999970716263,-1.001394739456593,-0.14849558189710785,-0.38246368424285165,0.2500296028651496,0.4056837282492458,0.40974555763723663,0.5421172325975031,0.24994474977658057,-1.2250879563653116
0.007999998652926272,-1.0029071083264431,-0.14640079930498012,-0.38149392498293894,0.24934288539118624,0.40663806354042553,0.4097417248127106,0.540421343687383,0.25276044152079374,-1.2243840665282093
0.018217339837996737,-1.009548619990948,-0.14435779142707034,-0.38205204917861135,0.24967619245596898,0.4094889646760363,0.41168176440705273,0.5411674077756576,0.25687921436743233,-1.2297328095277378
0.028223846414390512,-1.0158302312104674,-0.14185972465919922,-0.3822334511290932,0.24977972516874836,0.4120569063697176,0.4133910598150637,0.5415811242008493,0.26083418793032065,-1.2345824920418156
0.03822582764547281,-1.0190089766498795,-0.13890030352107696,-0.3812291863026227,0.2491083304567833,0.4133663805396928,0.4138306102785,0.5403161880797217,0.2640118981869596,-1.235637992429907
0.048154289660069266,-1.022167497201889,-0.13574321237533762,-0.380142323788049,0.24835303938515924,0.41458611735825895,0.41421474840993594,0.5389496720459547,0.26713818070943224,-1.2365985544859988
0.05768578397426163,-1.0271035977219272,-0.13103974211733985,-0.3790156956425418,0.24730641135467704,0.41580506727299243,0.41488710141103324,0.5376668721641475,0.2703589564953232,-1.2390396177488894
0.06673633404141652,-1.0217586408561523,-0.12496899658652731,-0.37406447813407556,0.2437610047004678,0.4128537847928068,0.41139275830868116,0.5309618464679122,0.270893536334766,-1.2290415663477787
0.07556781669396394,-1.016345845319119,-0.11901364874336405,-0.3691568014435418,0.24025125403848877,0.40989316682654753,0.40790175176493143,0.5243112504361075,0.2713655652609295,-1.2190434050200494
0.08423426937996885,-1.0105093636554467,-0.11347338560184712,-0.3644728912878816,0.2369268673098571,0.407005639021512,0.40440757144171263,0.5177525412415169,0.2719119746453466,-1.2090445375894452
0.09273103227830362,-1.0043710686501526,-0.10824287811392107,-0.359951183365828,0.2337366823058182,0.4041649804028124,0.40091248595832796,0.511270578683863,0.27249167874181673,-1.1990461423907657
0.10101169258578843,-0.9981805490007136,-0.10311325043637044,-0.35546488370480817,0.23057541055916406,0.4013119447360471,0.3974209113897964,0.504840293834499,0.2730048790071075,-1.1890476484582821
0.10907323483639092,-0.9919305883980095,-0.09808783682842459,-0.3510142671634626,0.22744353969092418,0.3984451515909588,0.3939313697362883,0.49846040822246107,0.27344899419464275,-1.1790436344750463
0.11709220827774695,-0.9849937268603609,-0.09395095458735943,-0.34706303414883505,0.22471622962760485,0.39577551172013425,0.39054136970261655,0.49222991413330913,0.273698116062217,-1.169044872129676
0.124896407713527,-0.9780213719131785,-0.0898934275995907,-0.3431351753620538,0.22200807679363072,0.3930888098803779,0.38715252478034706,0.4860474888740241,0.27388555216237115,-1.1590460235802738
0.1324879632733542,-0.971013876553971,-0.08591446895769309,-0.3392304593402235,0.2193188914246318,0.3903852156820789,0.38376482390751504,0.4799126562204825,0.2740119145369153,-1.1490470908605654
0.13981337995372412,-0.9639526924061982,-0.08184353512166248,-0.33530092503301034,0.21659963115780748,0.38760941598348814,0.38035215940602485,0.47373143641329235,0.2741190440755798,-1.1390368598697602
0.146830601097493,-0.9568490771429233,-0.07748559800621513,-0.3313013357906035,0.21380043458924988,0.38471212958500584,0.3768967901946671,0.46740935992964905,0.27426665148132273,-1.1290379873808098
0.1536422339142022,-0.9497115214876002,-0.07321840547105742,-0.327328058152944,0.21102360890652583,0.3818022152786737,0.37344429794135164,0.4611411952598717,0.27435055660803026,-1.1190390309731595
0.1602503344797344,-0.9425403658576869,-0.06904105013516078,-0.3233808293478699,0.2082689306217007,0.3788797997508861,0.36999465427271744,0.4549264037678773,0.27437139677899675,-1.1090399926745285
0.16671289014828924,-0.9349729705811932,-0.065338484214199,-0.31971969540046297,0.20570884386426272,0.37603277165743554,0.36653355602503424,0.4488490456917019,0.2742512355544298,-1.0990322252970024
0.17302788267786717,-0.9270548870878745,-0.06207815240443638,-0.3163268976750248,0.20333146564077179,0.37325921574872484,0.3630677538958003,0.4429084748145731,0.2740011012372324,-1.0890330273395643
0.17914032290864393,-0.9191215237912369,-0.05888675970471977,-0.3129465942091244,0.2009671547659542,0.3704688858591919,0.35960531601885326,0.4370158957976166,0.27369288858328666,-1.0790337576634799
0.18505216395617052,-0.9111730289194538,-0.0557636414860707,-0.309578664845788,0.1986157854469765,0.3676619440827664,0.3561462103115568,0.43117084635054453,0.27332715783344946,-1.0690344180234037
0.1907704156617837,-0.9030326357026849,-0.0528369939665185,-0.30630558841990646,0.196363438176874,0.36486499272251527,0.35266589088228756,0.4253510296757576,0.27291313497517383,-1.0590338331453375
0.19629715090735175,-0.894759041625095,-0.050064495700857886,-0.30310128645173146,0.19418265549209712,0.36207054318873283,0.34917284323021924,0.419563481871915,0.2724495260885037,-1.0490344392174755
0.20162703704755341,-0.886478600428113,-0.04735306573259346,-0.299905350696579,0.19201063673523497,0.3592585952589283,0.3456841569587209,0.41382348907803584,0.2719291366801772,-1.0390349800203083
0.20676195745269482,-0.8781913784829756,-0.0447021198932511,-0.29671770141194964,0.18984729825340566,0.35642931668458133,0.34219979068265766,0.40813059676032,0.2713525102118371,-1.02903545719528
0.2116503107086282,-0.8698247742903019,-0.04201325853264964,-0.29353597493438893,0.18767039956158016,0.3535445824500871,0.33871705773659555,0.40242213488743067,0.27071796411982835,-1.0190278896149068
0.21630201225854653,-0.8613984070740859,-0.039295140618729435,-0.29036471869521957,0.18548464232584647,0.35061328978787326,0.33524125999024423,0.3967091931995294,0.27003035645868123,-1.0090283636975754
0.2207651930367423,-0.8529689329767266,-0.0366416209655026,-0.28720159335254103,0.1833085166241601,0.34766690431971936,0.33176970150776225,0.39104564934536296,0.2692875721161004,-0.999028777404114
0.22504168141226022,-0.8445363829747635,-0.0340520731782643,-0.284046520343856,0.18114192923853917,0.34470557275132613,0.32830234150943904,0.38543102468626306,0.2684901464267269,-0.9890291323132953
0.22908140151903097,-0.8361275818677045,-0.03135228596836507,-0.2808384893066094,0.178928577826029,0.34167885016640814,0.32480835514918466,0.3798342356597768,0.26759244492092576,-0.9790277347011589
0.2328152511781825,-0.8277872194793116,-0.0282850604201062,-0.2774893385159109,0.17658657199465097,0.33851488450993006,0.321244328768652,0.3742110723091107,0.26652990581377534,-0.9690281488360677
0.23637086139478664,-0.819440948876309,-0.025298441507639286,-0.2741542777350003,0.1742596522719608,0.33534133639398866,0.31768751672191436,0.3686390516593563,0.2654183287776974,-0.9590285055597747
0.23975002537839987,-0.8110888303406576,-0.02239161841062787,-0.27083316551239295,0.1719476670828617,0.3321583025590637,0.3141378467671212,0.3631176596327311,0.26425820737520533,-0.9490288064439347
0.2429545109192589,-0.8027309232953612,-0.019563791801650222,-0.2675258624001222,0.16965046699981942,0.32896587837254265,0.3105952476846829,0.3576463894362823,0.2630500281713095,-0.9390290530326774
0.24603156926550546,-0.793910160070029,-0.017322670451581788,-0.2645165026783729,0.16758048345160886,0.32586296296862927,0.30704482458615306,0.352250241765928,0.26182396593377905,-0.9290267863208936
0.24894162335355174,-0.7850351250345258,-0.015216455338534112,-0.26155330675640437,0.16554934047456643,0.32276276658866043,0.3035006811505386,0.34690760259842573,0.26055446420888806,-0.9190270251688566
0.2516789306825079,-0.7761702920972223,-0.01316989956319231,-0.2585937025046513,0.16352525427162498,0.31964989564969565,0.2999639553821015,0.34161314913649093,0.259236820116851,-0.9090272151792321
0.25424527415682663,-0.7673155567659845,-0.011182387488243174,-0.2556376531215598,0.16150815218682696,0.31652448127044963,0.29643457103914767,0.3363663844775628,0.2578715307228215,-0.8990273577785963
0.2566324062432796,-0.7584098047616787,-0.009283529151177843,-0.2527072149045735,0.15951695691413662,0.31338780000244554,0.2929000836890931,0.3311775492192139,0.2564463997560396,-0.8890244944628312
0.2588301794889469,-0.7493522561888407,-0.007526416655075345,-0.24984542395637316,0.15758782447564187,0.310246269675108,0.2893416957897444,0.3260689613136432,0.2549430849094572,-0.879024641486375
0.26086206567289855,-0.7403118589619695,-0.0058232213466644835,-0.2469842505960612,0.1556630841314875,0.30709221284646265,0.2857919002073766,0.3210054915139835,0.2533946961831288,-0.8690247449153562
0.26272983819214907,-0.7312884305066095,-0.004173366922422902,-0.24412368847347568,0.15374268909376387,0.3039257637218545,0.2822506053910864,0.3159866578886814,0.25180171561986664,-0.8590248060992707
0.2644352547645672,-0.722281789853462,-0.002576282173036619,-0.24126373129167716,0.15182659298631224,0.3007470553166916,0.27871772059587346,0.31101198276247005,0.2501646209984443,-0.8490248263654445
0.26596138946985226,-0.7132747715126119,-0.0010034864713605453,-0.23842936882094318,0.14991892585124014,0.29755308379769724,0.2752196534799752,0.3060773141051757,0.24846097644716145,-0.8390249608239821
0.26730580066315857,-0.7042588815955684,0.0005594051308090756,-0.23563161358914841,0.1480213253806569,0.2943427766297855,0.2717677818506174,0.30117925224656894,0.246682095441312,-0.8290249193578173
0.26849427332878517,-0.695260735589328,0.002068726735528853,-0.23283232808697457,0.1461275443704973,0.2911208465095834,0.26832182617673955,0.2963243538283831,0.24486236145661677,-0.8190248409933553
0.269528511082888,-0.6862801403935116,0.0035250634975807116,-0.23003152927051737,0.14423754125134428,0.2878874206972428,0.26488172211495564,0.2915121476766504,0.24300222098910426,-0.8090247269804701
0.2704102074372934,-0.6773169040453251,0.004928997102089373,-0.22722923399285758,0.14235127469871037,0.2846426256952409,0.2614474057005471,0.2867421654080466,0.2411021178847328,-0.7990245785529184
0.2711035587073313,-0.66835315015936,0.006364157604023841,-0.22437079159895013,0.1404347600504927,0.28134675305098306,0.2579899417137112,0.281993174602187,0.2391343543474668,-0.7890187000649246
0.27154850039040457,-0.6593753510704979,0.007981543502857404,-0.22136326753803046,0.1384303121253432,0.2779353926159258,0.2544641142110631,0.2772352361627691,0.23705463946545216,-0.7790187202002936
0.27184911278980756,-0.6504163816702669,0.00953578443568298,-0.21836182728197548,0.1364342097577258,0.27451827798183864,0.25094779828393804,0.2725213136342766,0.23493954748812523,-0.7690187064269727
0.27200713808644933,-0.6414760154001331,0.011027642500760822,-0.21536639763930593,0.13444635237190053,0.27109547888847224,0.24744087940634646,0.267850876085583,0.23278950562771938,-0.7590186599752695
0.2720243092883234,-0.6325540268857742,0.01245787578513962,-0.21237690580100738,0.1324666399197566,0.2676670647050541,0.24394324365190465,0.2632233953765269,0.23060493884498837,-0.7490185820593028
0.2719023511589721,-0.6236501918139145,0.01382723877119036,-0.20939327930071136,0.13049497282667397,0.2642331044665227,0.24045477763184933,0.25863834587370504,0.2283862700762864,-0.7390184738749392
0.2715207209732077,-0.6149253199999334,0.015646052626609206,-0.20619804591550847,0.12834936276019582,0.26063012987772566,0.2368971589580634,0.25394715449265015,0.22605498114760955,-0.7290160009139297
0.2709744935373681,-0.6062619779755529,0.01753697007347244,-0.20295355116632752,0.12616537829929161,0.25698093583205295,0.2333293389917342,0.24926003023893897,0.22367146251198192,-0.7190160432760818
0.27029943352833474,-0.5976078644383651,0.019342545349412307,-0.19972591091344447,0.12399854957452744,0.25333473395050954,0.22977440905810428,0.24462168338823823,0.22125886038134795,-0.7090160525264717
0.26949725526686186,-0.5889628573421111,0.021063913871719298,-0.19651490116822687,0.12184864849710648,0.24969148473461977,0.2262321979485211,0.24003146530384775,0.21881756195317387,-0.6990160299713402
0.2685696648936882,-0.5803268352114156,0.022702205642920633,-0.193320299006451,0.11971544806360104,0.24605114886955176,0.22270253526649308,0.23548873043763793,0.21634795257440378,-0.6890159768975146
0.267518361245599,-0.571699677078343,0.024258545831286144,-0.19014188245342842,0.11759872223911452,0.24241368720348022,0.21918525133975014,0.23099283599797496,0.21385041593904866,-0.6790158945718429
0.26611146506716765,-0.5635310737078608,0.026811294465207396,-0.18648129499164665,0.11508596546003841,0.2384428511782739,0.21559295915778132,0.22630357295918566,0.2111498686187157,-0.6690119362186685
0.26455633219224733,-0.5554348548582404,0.029428767238623952,-0.18277129589088884,0.11253499775990836,0.23443171628675194,0.21200249269108873,0.22162909003968495,0.20840058956276217,-0.6590121684645491
0.2628934980882756,-0.5473240648666965,0.03191207219370289,-0.17910229752740148,0.11002095146282397,0.23044043997615962,0.20842836892174554,0.217012019328319,0.20563321318018118,-0.6490123544801548
0.2611245827796397,-0.5391989238720443,0.03426322690528824,-0.17547368369960095,0.10754327157929691,0.2264687240612883,0.20487034249237787,0.2124514979114028,0.20284801199154973,-0.6390124961807584
0.2592511946218855,-0.531059650410174,0.0364842344258618,-0.17188484263489653,0.10510140711059893,0.2225162724952974,0.20132816980450088,0.20794666907864748,0.20004525654905636,-0.6290125954459117
0.2572749313986115,-0.522906461562554,0.03857708465192929,-0.16833516657217035,0.10269481067277238,0.21858279116751891,0.19780160885212547,0.2034966817385117,0.19722521562084747,-0.619012654120047
0.2551489574659006,-0.5147955584430421,0.04075945834648705,-0.16469572018929843,0.10024831717676888,0.2145733771978323,0.19428347818211028,0.19904207075379332,0.19434764778573116,-0.6090105673120721
0.2528600743625451,-0.5067702461452372,0.04319068436885341,-0.16087917986014402,0.09770929510551372,0.21042606112699305,0.19076880271952198,0.1945385341937983,0.1913908754234089,-0.5990108875266612
0.25047787961406925,-0.49872390954956886,0.0454697184886989,-0.15711722332180275,0.09521409702413768,0.20630936130055882,0.18727004470559772,0.19009561810594966,0.18842258386756394,-0.5890111542554762
0.24800394248642876,-0.4906569033608368,0.04759911926206388,-0.1534089333881719,0.09276198646738876,0.2022227635672943,0.18378693703633164,0.1857123039080019,0.18544296724404585,-0.5790113699015292
0.24543981978973517,-0.4825695794447767,0.04958142495619076,-0.14975340013696328,0.09035223280423421,0.19816575784155183,0.18031921471552695,0.18138758108371386,0.18245221812943668,-0.5690115368172819
0.24278705707756543,-0.4744622870985664,0.05141915550536836,-0.1461497202083505,0.08798411067474138,0.19413783770995668,0.17686661465036316,0.17712044640394004,0.17945052769920644,-0.5590116573057159
0.2400471897945617,-0.46633537331156916,0.0531148143808906,-0.14259699613515875,0.08565689945215138,0.19013850005628924,0.17342887545676455,0.17290990318281949,0.17643808587015694,-0.5490117336238859
0.23723238855505255,-0.45811505464055663,0.05452480760734483,-0.13917090385700068,0.08342254012926725,0.18620278463131704,0.17002067041400631,0.1687917551115922,0.17341763846726982,-0.539009500093036
0.23449156430513282,-0.4493641450671313,0.05484497450634919,-0.13631853950740205,0.08158314943922447,0.182538304434334,0.16673003268254755,0.16495741373103567,0.1704204594093998,-0.5290093896915369
0.23165848674677178,-0.44062719920833004,0.05509115629945801,-0.13348119028767075,0.07975995957343057,0.1788854794140782,0.1634469608066563,0.16116210945224746,0.1674110423150659,-0.5190092624654885
0.22873483713490828,-0.4319039632606877,0.05526470113011599,-0.1306585828003296,0.07795267545381833,0.17524409745850103,0.16017131716290384,0.1574051312183974,0.16438961040851818,-0.5090091194589053
0.22572229570227834,-0.4231941835580257,0.05536695632677451,-0.12785044380800006,0.07616100217741718,0.1716139465770678,0.15690296420500638,0.15368576839570103,0.16135638677339426,-0.4990089616965925
0.222622542109575,-0.4144976065034148,0.055399268763882424,-0.1250565001601703,0.0743846449373249,0.16799481484392906,0.1536417644269453,0.1500033105829885,0.15831159441246506,-0.48900879018433746
0.2194372558715923,-0.405813978504373,0.05536298520372611,-0.12227647872372817,0.07262330894779546,0.1643864903439505,0.15038758032790292,0.14635704743121775,0.1552554563040794,-0.4790086059086594
0.21616811676114378,-0.3971430459136984,0.05525945261982209,-0.11951010631792885,0.07087669937380503,0.16078876112254523,0.1471402743798929,0.1427462684736299,0.15218819545631332,-0.46900840983903475
0.21281680518791773,-0.38848455496978335,0.055090018501393376,-0.11675710965188994,0.06914452126392757,0.15720141513678496,0.14389970899579133,0.13917026296416043,0.14911003495655453,-0.4590082029254106
0.20941991533542512,-0.3797079566679939,0.054629402098785355,-0.11409968976243903,0.06750557193978893,0.15370799010733863,0.14067142403841007,0.1356872290361245,0.1460688809029405,-0.4490074973799851
0.205959178778245,-0.3709065266129635,0.05404592912020551,-0.11147762828844868,0.06590191393796578,0.15024764594772544,0.13745100375971037,0.13225222623222282,0.14303151676766016,-0.439007297256528
0.20241783011572287,-0.3621281768994959,0.05342004008767838,-0.10886098117153503,0.06430496584268476,0.1467897773255687,0.13423643676263958,0.12884488582163922,0.1399796920160473,-0.4290070903413859
0.19879764083495458,-0.3533724009188686,0.05275266703814724,-0.10624962960138228,0.06271458031513359,0.14333433005548887,0.13102759462863894,0.12546460019041386,0.13691372457274117,-0.41900687738847714
0.19510038452374123,-0.3446386914454743,0.052044743115842604,-0.10364345462208328,0.06113060983866396,0.13988124988197748,0.12782434878114818,0.12211076099643954,0.13383393273541005,-0.4090066591361461
0.19132783709224016,-0.33592654057247956,0.05129720268902059,-0.10104233711699583,0.05955290670017202,0.13643048247226985,0.12462657046919919,0.11878275909298584,0.13074063521429483,-0.3990064363062826
0.1874817769775467,-0.327235439654584,0.050510981457440055,-0.09844615779539073,0.0579813229733273,0.13298197341054846,0.12143413075303452,0.115479984459126,0.12763415116923738,-0.38900620960570237
0.18356398532920895,-0.31856487925363747,0.04968701655013613,-0.09585479717962181,0.05641571050288603,0.12953566819178394,0.11824690049018718,0.11220182613547772,0.12451480024264604,-0.37900597972486694
0.17957624617785783,-0.30991434909025617,0.04882624661416179,-0.09326813559377022,0.05485592089063528,0.12609151221651962,0.11506475032320043,0.1089476721662894,0.12138290258972027,-0.3690057473377945
0.17552034658757035,-0.30128333800176404,0.04792961189456003,-0.09068605315386676,0.053301805483012804,0.12264945078676223,0.11188755066911911,0.105716909547894,0.11823877890616842,-0.3590055131036695
0.17140637355448357,-0.29262256694272437,0.04696251601663405,-0.08811302044000423,0.05179104110688979,0.11921239142452586,0.10870699370380223,0.1025386031574033,0.115114080445055,-0.34900453693408345
0.16724186739703925,-0.2839248499315843,0.04592300766077554,-0.08554973946366123,0.05032882827851143,0.11578115208257708,0.10552202016186951,0.09941558661247878,0.11201483233658682,-0.3390043641150891
0.1630125397385774,-0.2752543032404769,0.04485693038345852,-0.0829898029902421,0.04886472509525915,0.11235124833357729,0.10234313396517501,0.09630861985755712,0.10889829828352203,-0.3290041892724402
0.1587202622745806,-0.2666101429189229,0.043765051314707766,-0.080433114603327,0.04739878621509552,0.10892264180876621,0.0991701595432582,0.09321723969269279,0.10576497752155517,-0.3190040130217537
0.15436690919289925,-0.2579915839532529,0.04264813860729758,-0.07787957775297985,0.0459310663662917,0.10549529408180038,0.09600292108526738,0.09014098229347191,0.10261536994749755,-0.3090038359610106
0.14995435727140669,-0.24939784022616512,0.0415069614767472,-0.07532909575084004,0.044461620350338175,0.1020691666669061,0.09284124253095676,0.08707938318702785,0.09944997614541227,-0.29900365867102857
0.1454844859595917,-0.24082812448195384,0.04034229023480035,-0.07278157176576058,0.042990503044250936,0.09864422101700587,0.08968494756282838,0.08403197723161163,0.0962692974082637,-0.28900348171491624
0.14095917744548214,-0.23228164829886275,0.03915489631682982,-0.07023690882046295,0.04151776940257504,0.09522041852247586,0.0865338595999862,0.08099829860018276,0.09307383575584109,-0.2790033056384643
0.1363803167072968,-0.22375762206667932,0.037945552303056865,-0.06769500978867095,0.04004347445879393,0.09179772050982707,0.08338780179302659,0.07797788076731958,0.08986409394838869,-0.26900313096942274
0.13174979155179126,-0.215255254971925,0.03671503193418742,-0.0651557773934684,0.038567673326609875,0.08837608824134088,0.08024659702086995,0.07497025650022741,0.08664057549707194,-0.25900295821871183
0.12706949263732314,-0.20677375498650521,0.03546411012097372,-0.06261911420566152,0.03709042120040063,0.08495548291402713,0.07711006788801862,0.07197495785235848,0.08340378466980801,-0.24900278787881244
0.12234131348473906,-0.19831232886402048,0.03419356294862064,-0.060084922643449806,0.035611773355649204,0.08153586565969431,0.07397803672383392,0.06899151616106401,0.0801542264943355,-0.23900262042460316
0.11756715047472885,-0.189870182140606,0.03290416767571847,-0.05755310497249095,0.034131785148832125,0.07811719754491347,0.07085032558269243,0.06601946204814238,0.07689240675745762,-0.22900245631310254
0.11274890283278423,-0.18144651914124782,0.031596702728077145,-0.05502356330667996,0.03265051201698227,0.07469943957133196,0.0677267562454024,0.06305832542356779,0.07361883200103336,-0.2190022959834801
0.10788847260192143,-0.17304054299091995,0.03027194768756468,-0.05249619960947761,0.031168009476855312,0.07128255267613551,0.06460715022166386,0.06010763549212626,0.07033400951464686,-0.20900213985677055
0.10285588320113503,-0.16470466234074743,0.028876760394133408,-0.04997716894976094,0.029680221100690525,0.06786851718335467,0.06150300408554151,0.05719875030039309,0.06700288392212404,-0.19899999999995654
0.09768724585435419,-0.1564280461427357,0.027425666906993794,-0.04746575342465212,0.028188752703673745,0.06445803893294134,0.05841240086516843,0.05432444124007731,0.06363590483056644,-0.1889999999999778
0.09251860850754666,-0.14815142994468125,0.025974573419846686,-0.04495433789953032,0.026697284306649263,0.0610475606825104,0.055321797644779395,0.051450132179746685,0.06026892573899146,-0.1789999999999474
0.08734997116078878,-0.13987481374670632,0.024523479932713522,-0.042442922374432666,0.025205815909639117,0.05763708243211224,0.05223119442442006,0.04857582311944369,0.05690194664744883,-0.16900000000001314
0.08218133381397669,-0.13159819754864455,0.023072386445565134,-0.03993150684930865,0.023714347512613317,0.05422660418167829,0.0491405912040283,0.04570151405911053,0.053534967555870866,-0.1589999999999739
0.07701269646722397,-0.12332158135067788,0.021621292958433416,-0.0374200913242135,0.022222879115604655,0.05081612593128352,0.04604998798367205,0.042827204998810396,0.05016798846433159,-0.1490000000000496
0.07184405912042503,-0.1150449651526372,0.020170199471288723,-0.03490867579909588,0.020731410718582657,0.04740564768085826,0.04295938476328816,0.039952895938484556,0.04680100937276221,-0.13900000000003587
0.06667542177359911,-0.10676834895455328,0.018719105984136453,-0.03239726027396515,0.019239942321552867,0.04399516943041518,0.03986878154288812,0.037078586878143714,0.04343403028117524,-0.1289999999999699
0.061506784426818895,-0.09849173275654256,0.017268012496997016,-0.029885844748856635,0.01774847392453627,0.040584691180002276,0.036778178322515426,0.03420427781782828,0.04006705118961805,-0.11899999999999238
0.056338147080010996,-0.09021511655848753,0.015816919009849807,-0.027374429223734665,0.016257005527511685,0.0371742129295711,0.03368757510212617,0.03132996875749746,0.03670007209804283,-0.10899999999996131
0.05116950973322156,-0.08193850036046206,0.014365825522707782,-0.02486301369862167,0.014765537130492428,0.033763734679152106,0.030596971881747967,0.02845565969717691,0.03333309300647964,-0.09899999999996595
0.04600087238645488,-0.07366188416247302,0.012914732035572144,-0.022351598173519727,0.013274068733479737,0.030353256428748126,0.02750636866138336,0.02558135063686901,0.02996611391493127,-0.08900000000001462
0.040832235039660984,-0.0653852679644404,0.011463638548428867,-0.019840182648404564,0.011782600336459191,0.026942778178326188,0.024415765441002484,0.022707041576545975,0.026599134823365168,-0.07900000000001063
0.03566359769287592,-0.05710865176642193,0.010012545061288068,-0.01732876712329369,0.010291131939441195,0.023532299927910078,0.021325162220626886,0.01983273251622785,0.02323215573180482,-0.06900000000002372
0.030494960346063322,-0.048832035568359355,0.00856145157413954,-0.014817351598169435,0.008799663542415253,0.0201218216774758,0.018234559000234823,0.016958423455894416,0.019865176640226533,-0.05899999999998355
0.025326322999288248,-0.04055541937035688,0.0071103580870015455,-0.012305936073063415,0.00730819514540014,0.01671134342706628,0.0151439557798652,0.014084114395581847,0.016498197548672693,-0.04900000000001598
0.020157685652484606,-0.032278803172308655,0.0056592645998555305,-0.009794520547943514,0.005816726748376782,0.013300865176637911,0.012053352559478495,0.011209805335253393,0.013131218457100243,-0.03899999999999313
0.014989048305698398,-0.024002186974288346,0.004208171112714412,-0.007283105022832084,0.004325258351358456,0.009890386926221047,0.008962749339102214,0.008335496274934632,0.009764239365539152,-0.02900000000000402
0.00982041095890726,-0.015725570776260148,0.002757077625571908,-0.00477168949771826,0.0028337899543387063,0.0064799086758009295,0.005872146118722986,0.005461187214613132,0.006397260273974848,-0.01900000000000537
0.004651773612110739,-0.007448954578223324,0.0013059841384278927,-0.0022602739726018187,0.0013423215573174037,0.0030694304253772588,0.002781542898340538,0.002586878154288637,0.003030281182407037,-0.008999999999996301
-5.159723733597255e-17,8.262342696059785e-17,-1.4485909927354273e-17,2.507084444200618e-17,-1.4888962737520588e-17,-3.404596683985733e-17,-3.08527329688221e-17,-2.8693521485777735e-17,-3.36117254193808e-17,9.982754423271518e-17
