0.0,3.5,2.0,-1.32937e-16,1.57,-0.8678,-2.2043,-0.0347,1.6315,1.10925e-19
0.01,3.499989780149753,1.9999975545642823,-7.588465827757491e-06,1.56999240879401,-0.8677716010833201,-2.2042499999999996,-0.03469741970686634,1.6314880516170145,1.3824279114227647e-06
0.02,3.499959120599012,1.9999902182571292,-3.0353863310631152e-05,1.5699696351760395,-0.8676864043332803,-2.2041,-0.034689678827465355,1.6314522064680579,5.529711645690727e-06
0.03,3.4999080213477773,1.9999779910785407,-6.829619244875391e-05,1.5699316791460889,-0.8675444097498805,-2.20385,-0.034676777361797036,1.6313924645531304,1.2441851202803992e-05
0.04,3.499836482396049,1.9999608730285168,-0.00012141545324212574,1.569878540704158,-0.867345617333121,-2.2035,-0.0346587153098614,1.631308825872232,2.211884658276256e-05
0.05,3.499744503743827,1.9999388641070577,-0.0001897116456907466,1.569810219850247,-0.8670900270830015,-2.20305,-0.03463549267165844,1.6312012904253625,3.4560697785566424e-05
0.06,3.4996320853911103,1.9999119643141627,-0.0002731847697946166,1.5697267165843556,-0.866777638999522,-2.2025,-0.034607109447188145,1.6310698582125218,4.9767404811215595e-05
0.07,3.4994992273379,1.9998801736498328,-0.0003718348255537358,1.569628030906484,-0.8664084530826828,-2.20185,-0.03457356563645054,1.6309145292337104,6.77389676597101e-05
0.08,3.4993459295841967,1.9998434921140673,-0.00048566181296810405,1.5695141628166323,-0.8659824693324837,-2.2011,-0.034534861239445595,1.6307353034889278,8.84753863310499e-05
0.09,3.4991721921299983,1.9998019197068662,-0.0006146657320377216,1.5693851123148,-0.8654996877489246,-2.2002499999999996,-0.03449099625617333,1.630532180978174,0.00011197666082523504
0.1,3.498978014975307,1.9997554564282303,-0.0007588465827625881,1.569240879400988,-0.8649601083320058,-2.1993,-0.034441970686633745,1.63030516170145,0.00013824279114226545
0.11,3.498763398120121,1.9997041022781585,-0.0009182043651427038,1.5690814640751953,-0.8643637310817269,-2.19825,-0.03438778453082683,1.6300542456587543,0.0001672737772821412
0.12,3.4985283415644415,1.9996478572566512,-0.0010927390791780683,1.5689068663374224,-0.8637105559980883,-2.1971,-0.034328437788752594,1.6297794328500874,0.0001990696192448622
0.13,3.498272845308268,1.9995867213637089,-0.0012824507248686825,1.5687170861876694,-0.8630005830810897,-2.19585,-0.03426393046041103,1.62948072327545,0.0002336303170304286
0.14,3.4979969093516012,1.999520694599331,-0.001487339302214545,1.5685121236259358,-0.8622338123307313,-2.1944999999999997,-0.034194262545802136,1.6291581169348415,0.0002709558706388402
0.15,3.49770053369444,1.9994497769635176,-0.001707404811215656,1.5682919786522225,-0.8614102437470129,-2.19305,-0.03411943404492592,1.6288116138282618,0.000311046280070097
0.16,3.497383718336785,1.9993739684562688,-0.001942647251872017,1.5680566512665286,-0.8605298773299347,-2.1915,-0.03403944495778238,1.6284412139557114,0.0003539015453241992
0.17,3.497046463278636,1.9992932690775849,-0.002193066624183627,1.5678061414688547,-0.8595927130794966,-2.18985,-0.03395429528437152,1.6280469173171896,0.0003995216664011468
0.18,3.4966887685199937,1.9992076788274653,-0.0024586629281504848,1.5675404492592002,-0.8585987509956986,-2.1881,-0.03386398502469333,1.627628723912697,0.00044790664330093935
0.19,3.4963106340608574,1.9991171977059106,-0.0027394361637725923,1.5672595746375657,-0.8575479910785407,-2.1862500000000002,-0.033768514178747815,1.6271866337422336,0.0004990564760235773
0.2,3.4959120599012268,1.9990218257129202,-0.0030353863310499493,1.566963517603951,-0.8564404333280229,-2.1843,-0.03366788274653497,1.6267206468057989,0.0005529711645690607
0.21,3.4954930460411022,1.9989215628484946,-0.0033465134299825545,1.5666522781583558,-0.8552760777441453,-2.18225,-0.03356209072805481,1.6262307631033934,0.0006096507089373893
0.22,3.4950535924804846,1.9988164091126335,-0.0036728174605704083,1.5663258563007807,-0.8540549243269078,-2.1801,-0.033451138123307314,1.6257169826350166,0.000669095109128563
0.23,3.4945936992193727,1.9987063645053371,-0.004014298422813512,1.5659842520312253,-0.8527769730763104,-2.1778500000000003,-0.033335024932292505,1.6251793054006691,0.0007313043651425822
0.24,3.4941133662577664,1.9985914290266051,-0.004370956316711864,1.5656274653496893,-0.851442223992353,-2.1755,-0.03321375115501036,1.6246177314003505,0.0007962784769794465
0.25,3.4936125935956666,1.998471602676438,-0.004742791142265465,1.5652554962561736,-0.8500506770750359,-2.17305,-0.033087316791460895,1.6240322606340607,0.0008640174446391561
0.26,3.4930913812330733,1.9983468854548352,-0.0051298028994743155,1.564868344750677,-0.8486023323243588,-2.1705,-0.03295572184164411,1.6234228931018002,0.0009345212681217111
0.27,3.492549729169985,1.998217277361797,-0.005531991588338415,1.5644660108332005,-0.8470971897403219,-2.16785,-0.032818966305559985,1.6227896288035688,0.0010077899474271116
0.28,3.491987637406404,1.9980827783973236,-0.005949357208857764,1.5640484945037438,-0.845535249322925,-2.1651000000000002,-0.032677050183208545,1.622132467739366,0.001083823482555357
0.29,3.491405105942329,1.9979433885614148,-0.0063818997610323586,1.563615795762307,-0.8439165110721684,-2.1622500000000002,-0.03252997347458978,1.6214514099091923,0.0011626218735064475
0.3,3.49080213477776,1.9977991078540704,-0.006829619244862204,1.5631679146088897,-0.8422409749880517,-2.1593,-0.032377736179703694,1.6207464553130477,0.0012441851202803834
0.31,3.490178723912697,1.9976499362752909,-0.0072925156603473,1.5627048510434922,-0.8405086410705753,-2.15625,-0.032220338298550276,1.6200176039509322,0.001328513222877165
0.32,3.4895348733471403,1.9974958738250757,-0.007770589007487645,1.5622266050661144,-0.8387195093197388,-2.1531000000000002,-0.032057779831129535,1.6192648558228453,0.0014156061812967918
0.33,3.4888705830810895,1.9973369205034253,-0.008263839286283237,1.5617331766767566,-0.8368735797355427,-2.1498500000000003,-0.03189006077744147,1.618488210928788,0.0015054639955392637
0.34,3.4881858531145453,1.9971730763103395,-0.00877226649673408,1.5612245658754182,-0.8349708523179864,-2.1465,-0.031717181137486075,1.617687669268759,0.0015980866656045813
0.35000000000000003,3.4874806834475067,1.9970043412458183,-0.009295870638840173,1.5607007726620998,-0.8330113270670704,-2.1430500000000006,-0.03153914091126336,1.6168632308427593,0.0016934741914927441
0.36,3.4867550782946233,1.9968307163183552,-0.009834647936331835,1.560162123567016,-0.8309950156944597,-2.1395000206199155,-0.03135594439687798,1.6160145771786671,0.0017916263264924372
0.37,3.486009036624499,1.9966522012811545,-0.010388599285677574,1.559608552507033,-0.8289219153341111,-2.135850056813703,-0.031167590680754316,1.6151417723876642,0.001892543144802445
0.38,3.4852425552538806,1.9964687953725186,-0.010957727534816209,1.559039814966247,-0.8267920171404027,-2.1321000930074914,-0.030974076537675102,1.6142450548995133,0.001996224834866476
0.39,3.484455634182769,1.9962804985924474,-0.011542032683747736,1.5584559109446579,-0.8246053211133345,-2.128250129201279,-0.030775401967640333,1.6133244247142138,0.0021026713966845294
0.4,3.483648273411163,1.9960873109409407,-0.01214151473247216,1.557856840442266,-0.8223618272529063,-2.124300165395067,-0.030571566970650013,1.612379881831766,0.0022118828302566053
0.41000000000000003,3.4828204729390637,1.995889232417999,-0.01275617368098948,1.5572426034590712,-0.8200615355591183,-2.120250201588855,-0.030362571546704145,1.6114114262521702,0.0023238591355827037
0.42,3.48197223276647,1.9956862630236216,-0.013386009529299685,1.5566131999950734,-0.8177044460319705,-2.116100237782643,-0.030148415695802722,1.6104190579754256,0.0024386003126628236
0.43,3.4811035528933822,1.9954784027578085,-0.014031022277402794,1.5559686300502729,-0.8152905586714626,-2.1118502739764304,-0.029929099417945745,1.6094027770015331,0.0025561063614969676
0.44,3.4802144333198006,1.9952656516205602,-0.014691211925298797,1.555308893624669,-0.8128198734775949,-2.1075003101702188,-0.02970462271313322,1.608362583330492,0.002676377282085134
0.45,3.4793048740457255,1.9950480096118768,-0.015366578472987693,1.5546339907182625,-0.8102923904503674,-2.1030503463640065,-0.02947498558136514,1.6072984769623027,0.0027994130744273234
0.46,3.4783748750711565,1.9948254767317577,-0.016057121920469482,1.5539439213310533,-0.8077081095897798,-2.0985003825577944,-0.02924018802264151,1.6062104578969651,0.0029252137385235343
0.47000000000000003,3.477424436396094,1.9945980529802032,-0.01676284226774417,1.5532386854630407,-0.8050670308958325,-2.093850418751582,-0.02900023003696233,1.6050985261344792,0.003053779274373769
0.48,3.4764535580205367,1.9943657383572135,-0.017483739514811747,1.5525182831142255,-0.8023691543685254,-2.08910045494537,-0.028755111624327593,1.6039626816748447,0.003185109681978025
0.49,3.4754622399444863,1.994128532862788,-0.018219813661672222,1.5517827142846072,-0.7996144800078582,-2.0842504911391577,-0.028504832784737307,1.6028029245180622,0.003319204961336305
0.5,3.4744504821679416,1.9938864364969275,-0.018971064708325595,1.551031978974186,-0.7968030078138312,-2.0793005273329457,-0.02824939351819147,1.6016192546641315,0.0034560651124486068
0.51,3.4734182765480286,1.9936394473111805,-0.019737503011500512,1.5502653527281927,-0.7939347151590266,-2.074250523688211,-0.027988784584725545,1.6004123809992539,0.0035956905183863225
0.52,3.4723656302260415,1.9933875670143373,-0.02051911957042834,1.5494834572138871,-0.7910096218876713,-2.0691005151433055,-0.02772301395099107,1.599181695509791,0.0037380808295171815
0.53,3.47129254420356,1.9931307958460585,-0.021315913124736127,1.5486863792876013,-0.7880277307829558,-2.0638505065983996,-0.027452082730989258,1.597927113254357,0.0038832359964708863
0.54,3.470199018480585,1.9928691338063445,-0.022127883674423872,1.5478741189493357,-0.7849890418448806,-2.058500498053494,-0.027175990924720124,1.5966486342329522,0.004031156019247437
0.55,3.469085053057116,1.9926025808951944,-0.022955031219491558,1.5470466761990895,-0.7818935550734456,-2.0530504895085877,-0.026894738532183673,1.5953462584455762,0.004181840897846829
0.56,3.467950647933154,1.9923311371126098,-0.023797355759939215,1.546204051036863,-0.7787412704686507,-2.0475004809636825,-0.026608325553379896,1.5940199858922295,0.004335290632269069
0.5700000000000001,3.466795803108697,1.9920548024585893,-0.02465485729576683,1.5453462434626566,-0.7755321880304957,-2.0418504724187763,-0.02631675198830879,1.5926698165729114,0.004491505222514154
0.58,3.465620518583747,1.9917735769331335,-0.02552753582697441,1.5444732534764696,-0.7722663077589809,-2.0361004638738707,-0.026020017836970354,1.5912957504876224,0.0046504846685820845
0.59,3.464424794358302,1.9914874605362423,-0.026415391353561943,1.5435850810783023,-0.7689436296541063,-2.030250455328965,-0.0257181230993646,1.5898977876363625,0.00481222897047286
0.6,3.463208630432364,1.9911964532679156,-0.02731842387552942,1.542681726268155,-0.7655641537158719,-2.024300446784059,-0.02541106777549152,1.5884759280191316,0.004976738128186479
0.61,3.4619720268059315,1.9909005551281536,-0.02823663339287687,1.5417631890460275,-0.7621278799442774,-2.018250438239153,-0.025098851865351116,1.5870301716359296,0.005144012141722946
0.62,3.460714983568477,1.9905997661383652,-0.02917001364262664,1.540829469478378,-0.7586348085879466,-2.012100430131982,-0.024781481588075766,1.5855605185913608,0.005314051618633808
0.63,3.4594375006637144,1.9902940862850822,-0.030118567102659543,1.5398805675233982,-0.755084939490472,-2.0058504221871685,-0.024458954493367466,1.5840669688196194,0.005486856322924123
0.64,3.458139578058458,1.9899835155603638,-0.03108229739876063,1.5389164831564386,-0.7514782725596374,-1.999500414242355,-0.024131266971703622,1.5825495222819073,0.0056624258989684635
0.65,3.456821215752708,1.98966805396421,-0.0320612045309299,1.5379372163774983,-0.747814807795443,-1.9930504062975416,-0.023798419023084223,1.581008178978224,0.005840760346766825
0.66,3.4554824137464637,1.9893477014966205,-0.03305528849916736,1.536942767186578,-0.7440945451978884,-1.986500398352728,-0.023460410647509273,1.5794429389085698,0.006021859666319209
0.67,3.4541231720397247,1.9890224581575957,-0.03406454930347301,1.5359331355836774,-0.7403174847669742,-1.9798503904079148,-0.023117241844978764,1.5778538020729442,0.006205723857625618
0.68,3.4527434906324928,1.988692323947136,-0.03508898694384684,1.5349083215687964,-0.7364836265027,-1.9731003824631013,-0.02276891261549271,1.576240768471348,0.006392352920686047
0.6900000000000001,3.4513433695247673,1.9883572988652403,-0.036128601420288856,1.5338683251419354,-0.732592970405066,-1.9662503745182878,-0.022415422959051103,1.5746038381037808,0.0065817468555005
0.7000000000000001,3.449922808716547,1.9880173829119097,-0.03718339273279905,1.532813146303094,-0.728645516474072,-1.9593003665734743,-0.022056772875653944,1.5729430109702425,0.006773905662068975
0.71,3.448481805017288,1.9876725753237001,-0.038253364795191244,1.5317429371601388,-0.7246412558438311,-1.952250343019109,-0.021692960015003985,1.571258283340555,0.006968829617497787
0.72,3.447020341439838,1.987322872035877,-0.0393385385221542,1.5306585152382897,-0.7205801413104527,-1.9451002207465813,-0.021323971786910954,1.5695496353544482,0.007166520189490334
0.73,3.4455384381618943,1.9869682778766182,-0.0404388892444971,1.5295589268356378,-0.7164622289437144,-1.9378500984740532,-0.020949822972550596,1.5678170906023707,0.007366975617305725
0.74,3.4440360951834563,1.9866087928459246,-0.041554416962219974,1.528444171952183,-0.7122875187436162,-1.9304999762015256,-0.020570513571922917,1.566060649084322,0.007570195900943964
0.75,3.442513312504525,1.986244416943795,-0.04268512167532279,1.5273142505879251,-0.708056010710158,-1.9230498539289973,-0.02018604358502791,1.564280310800302,0.007776181040405046
0.76,3.4409700901250995,1.9858751501702303,-0.04383100338380558,1.5261691627428644,-0.7037677048433401,-1.9154997316564697,-0.019796413011865577,1.5624760757503113,0.007984931035688973
0.77,3.4394064280451806,1.9855009925252305,-0.04499206208766832,1.5250089084170004,-0.6994226011431622,-1.9078496093839417,-0.019401621852435918,1.5606479439343497,0.008196445886795748
0.78,3.437822326264767,1.9851219440087946,-0.04616829778691102,1.5238334876103339,-0.6950206996096244,-1.9000994871114139,-0.019001670106738935,1.558795915352417,0.008410725593725367
0.79,3.43621778478386,1.9847380046209238,-0.04735971048153369,1.5226429003228643,-0.6905620002427268,-1.892249364838886,-0.018596557774774626,1.556919990004513,0.00862777015647783
0.8,3.4345928564220074,1.9843491870004335,-0.0485662511532148,1.5214362059003688,-0.6860466498174131,-1.8842995009828065,-0.018186307990815793,1.5550192497969082,0.008847570470517105
0.81,3.432947503897015,1.9839554822263321,-0.04978795425760564,1.520214053946887,-0.6814745447339363,-1.876249713142297,-0.017770904569229397,1.5530943284095249,0.009070132933500176
0.8200000000000001,3.4312817116715295,1.9835568865807947,-0.05102483419806466,1.5189767195814248,-0.6768456418170995,-1.8680999253017876,-0.017350340720687446,1.5511454943249934,0.009295460220443736
0.8300000000000001,3.429595479745551,1.9831534000638222,-0.05227689097459187,1.5177242028039826,-0.672159941066903,-1.8598501374612784,-0.016924616445189947,1.5491727475433135,0.009523552331347787
0.84,3.427888808119077,1.9827450226754144,-0.05354412458718724,1.5164565036145599,-0.6674174424833466,-1.8515003496207691,-0.0164937317427369,1.5471760880644854,0.009754409266212325
0.85,3.42616169679211,1.9823317544155712,-0.05482653503585083,1.515173622013157,-0.6626181460664301,-1.8430505617802597,-0.016057686613328296,1.5451555158885086,0.009988031025037359
0.86,3.424414145764649,1.9819135952842923,-0.05612412232058258,1.5138755579997742,-0.657762051816154,-1.8345007739397503,-0.015616481056964145,1.543111031015384,0.010224417607822878
0.87,3.4226458601131253,1.9814905444351474,-0.05743689198179912,1.5125623089468911,-0.6528491790415133,-1.825850968792903,-0.015170111266701461,1.5410429206929033,0.010463570075831081
0.88,3.420856018881157,1.9810625995299962,-0.05876485938682014,1.5112338675963726,-0.6478795817081094,-1.8171010985335059,-0.01471856666368626,1.5389519846742488,0.010705491373189421
0.89,3.4190457220175174,1.9806297637534094,-0.060108003787221136,1.509890243833874,-0.6428531881344635,-1.8082512282741092,-0.014261861474403732,1.5368371518896229,0.010950177526370612
0.9,3.417214969522207,1.9801920371053874,-0.06146632518300209,1.5085314376593948,-0.6377699983205753,-1.7993013580147124,-0.013799995698853876,1.5346984223390263,0.011197628535374649
0.91,3.4153637613952244,1.97974941958593,-0.062839823574163,1.5071574490729356,-0.632630012266445,-1.7902514877553155,-0.0133329693370367,1.5325357960224588,0.011447844400201527
0.92,3.4134967309942588,1.9793030190149823,-0.06422506125468046,1.5057717170074207,-0.627446094756722,-1.781124268263988,-0.012861951301378627,1.5303546857409562,0.011700198859771367
0.93,3.411628571087029,1.978856348382958,-0.06561113696902694,1.5043851466089866,-0.6222590411077636,-1.7719915270352675,-0.01239064831169893,1.5281722559427915,0.011952705987419042
0.9400000000000001,3.409760740521404,1.9784096783632668,-0.06699721078322585,1.502998904891954,-0.6170719618915912,-1.762858798326466,-0.01191934792880393,1.5259898291364824,0.012205212768908997
0.9500000000000001,3.4078940355673746,1.9779630077312425,-0.06838328649757222,1.5016137894467187,-0.6118847627473134,-1.7537260570977464,-0.011448053668843463,1.5238073993383177,0.012457719896556651
0.96,3.4060273306133437,1.977516337099218,-0.0697693622119186,1.5002286740014836,-0.6066975636030356,-1.7445933158690266,-0.010976759408883006,1.521624969540153,0.012710227024204301
0.97,3.4041606256593138,1.9770696664671936,-0.07115543792626497,1.4988435585562483,-0.6015103644587577,-1.7354605746403067,-0.01050546514892254,1.5194425397419882,0.012962734151851956
0.98,3.402293920705284,1.9766229958351693,-0.07254151364061136,1.4974584431110132,-0.5963231653144799,-1.7263278334115872,-0.010034170888962073,1.5172601099438237,0.01321524127949961
0.99,3.4004272157512534,1.9761763252031448,-0.07392758935495772,1.496073327665778,-0.5911359661702021,-1.7171950921828674,-0.009562876629001611,1.5150776801456587,0.013467748407147265
1.0,3.3985605107972234,1.9757296545711205,-0.07531366506930412,1.494688212220543,-0.5859487670259242,-1.7080623509541475,-0.009091582369041146,1.5128952503474942,0.01372025553479492
1.01,3.3966938047914015,1.9752829836874204,-0.07669973645009434,1.4933025845410801,-0.580761564958929,-1.698929604579602,-0.008620287332077039,1.5107128193196435,0.013972762804717234
1.02,3.3948270998373715,1.974836313055396,-0.07808579761490865,1.4919160141426464,-0.5755743658146514,-1.6897968633508826,-0.008148991617163402,1.508530389521479,0.014225269932364875
1.03,3.3929603948833416,1.9743896424233718,-0.07947185877972297,1.4905294437442125,-0.5703871666703739,-1.6806641221221632,-0.007677695902249763,1.5063479597233145,0.014477777060012515
1.04,3.3910936899293116,1.973942971791347,-0.08085791994453728,1.4891428733457783,-0.5651999675260964,-1.6715313808934438,-0.007206400187336124,1.50416552992515,0.014730284187660155
1.05,3.3892269849752816,1.973496301159323,-0.0822439811093516,1.4877563029473446,-0.5600127683818188,-1.6623986396647246,-0.006735104472422485,1.5019831001269854,0.014982791315307796
1.06,3.3873602800212512,1.9730496305272986,-0.0836300422741659,1.4863697325489107,-0.5548255692375413,-1.6532658984360054,-0.006263808757508853,1.4998006703288207,0.015235298442955432
1.07,3.3854935750672217,1.9726029598952743,-0.08501610343898022,1.484983162150477,-0.5496383700932638,-1.6441331572072861,-0.005792513042595214,1.4976182405306564,0.015487805570603072
1.08,3.3836268684291984,1.972156288860299,-0.08640217281546397,1.483596590501189,-0.5444511662695063,-1.6350004077397315,-0.0053212162063884455,1.4954351126361856,0.01574031292604263
1.09,3.3817601634751675,1.9717096182282745,-0.08778824852981049,1.4822100201027548,-0.539263967125228,-1.6258676665110108,-0.004849919036521534,1.4932512278848218,0.01599282005369031
1.1,3.3798934585211375,1.9712629475962502,-0.089174324244157,1.480823449704321,-0.5340767679809496,-1.61673492528229,-0.0043786218666546275,1.4910673431334582,0.01624532718133799
1.11,3.3780267535671067,1.970816276964226,-0.09056039995850354,1.479436879305887,-0.5288895688366713,-1.6076021840535692,-0.003907324696787716,1.4888834583820947,0.016497834308985666
1.12,3.3761600486130767,1.9703696063322016,-0.09194647567285005,1.4780503089074526,-0.5237023696923928,-1.5984694428248485,-0.003436027526920804,1.486699573630731,0.01675034143663335
1.1300000000000001,3.374293343659046,1.9699229357001773,-0.09333255138719658,1.4766637385090187,-0.5185151705481145,-1.589336701596128,-0.002964730357053893,1.4845156888793674,0.01700284856428103
1.1400000000000001,3.372426638705016,1.9694762650681525,-0.0947186271015431,1.4752771681105847,-0.5133279714038361,-1.5802039603674072,-0.002493433187186982,1.4823318041280036,0.01725535569192871
1.1500000000000001,3.3705599365076173,1.9690295950957433,-0.09610468315306589,1.4738914805574839,-0.5081407799196859,-1.5710712326253418,-0.002022137506019924,1.4801488033993966,0.017507862446689813
1.16,3.3686932315535874,1.968582924463719,-0.09749072976834816,1.4725063651122485,-0.5029535807754084,-1.5619384913966228,-0.0015508416456109795,1.477966373601232,0.017760369574337444
1.17,3.366826526599557,1.9681362538316944,-0.0988767763836305,1.4711212496670136,-0.49776638163113096,-1.5528057501679031,-0.0010795457852020205,1.4757839438030675,0.018012876701985085
1.18,3.364959821645527,1.9676895831996704,-0.10026282299891282,1.4697361342217783,-0.4925791824868534,-1.543673008939184,-0.0006082499247930617,1.473601514004903,0.018265383829632727
1.19,3.363093116691497,1.9672429125676456,-0.10164886961419517,1.4683510187765432,-0.48739198334257583,-1.5345402677104647,-0.00013695406438410276,1.4714190842067385,0.018517890957280368
1.2,3.3612264117374666,1.9667962419356213,-0.10303491622947748,1.466965903331308,-0.4822047841982983,-1.5254075264817453,0.0003343417960248559,1.4692366544085738,0.01877039808492801
1.21,3.3593597067834366,1.966349571303597,-0.10442096284475981,1.4655807878860732,-0.4770175850540207,-1.5162747852530258,0.0008056376564338149,1.467054224610409,0.01902290521257565
1.22,3.357493000701396,1.965902900401659,-0.10580707422586126,1.4641946061328373,-0.4718303827752278,-1.5071420385055831,0.0012769346540137594,1.464871793493448,0.019275423147518084
1.23,3.3556262957473657,1.9654562297696347,-0.10719320813833573,1.4628080357344033,-0.46664318363094937,-1.4980092972768622,0.001748231678385355,1.4626893636952834,0.019527944824697753
1.24,3.3537595907933353,1.9650095591376102,-0.10857934205081024,1.4614214653359692,-0.4614559844866709,-1.4888765560481412,0.002219528702756955,1.4605069338971184,0.019780466501877425
1.25,3.3518928858393044,1.964562888505586,-0.10996547596328472,1.460034894937535,-0.45626878534239246,-1.4797438148194204,0.0026908257271285514,1.4583245040989534,0.020032988179057097
1.26,3.350026180885274,1.9641162178735612,-0.1113516098757592,1.4586483245391009,-0.4510815861981141,-1.4706110735906996,0.0031621227515001467,1.4561420743007885,0.02028550985623677
1.27,3.3481594759312436,1.9636695472415369,-0.1127377437882337,1.457261754140667,-0.44589438705383566,-1.4614783323619787,0.0036334197758717424,1.4539596445026235,0.020538031533416438
1.28,3.3462927709772137,1.9632228766095126,-0.11412387770070818,1.4558751837422328,-0.44070718790955726,-1.452345591133258,0.004104716800243338,1.4517772147044588,0.02079055321059611
1.29,3.3444260644586508,1.9627762056031224,-0.11550988776047513,1.454488612181679,-0.4355199844177557,-1.4432128422501551,0.004576013094490767,1.449593532932529,0.02104306259797445
1.3,3.34255935950462,1.9623295349710976,-0.11689587617762974,1.4531020417832448,-0.43033278527347724,-1.4340801010214341,0.0050473088094044865,1.4474096481811651,0.021295569725622132
1.31,3.3406926545505895,1.9618828643390733,-0.11828186459478435,1.4517154713848106,-0.42514558612919884,-1.4249473597927134,0.005518604524318207,1.4452257634298014,0.021548076853269815
1.32,3.3388259495965595,1.961436193707049,-0.119667853011939,1.4503289009863765,-0.41995838698492033,-1.4158146185639922,0.0059899002392319305,1.4430418786784376,0.021800583980917505
1.33,3.3369592446425287,1.9609895230750247,-0.12105384142909362,1.4489423305879423,-0.41477118784064193,-1.4066818773352714,0.00646119595414565,1.4408579939270738,0.022053091108565185
1.34,3.3350925396884983,1.9605428524430002,-0.12243982984624821,1.4475557601895082,-0.4095839886963635,-1.3975491361065504,0.00693249166905937,1.43867410917571,0.022305598236212868
1.35,3.3332258364177743,1.9600961822137621,-0.12382581701358394,1.4461691910414176,-0.40439679422965624,-1.3884164031133044,0.00740378695898087,1.4364902263936705,0.02255810513616155
1.36,3.3313591324078367,1.959649511807643,-0.1252119482112659,1.4447840561592054,-0.39920959770882203,-1.3792836665034993,0.007875088174794959,1.434307777561773,0.022810612136102866
1.37,3.3294924274538062,1.9592028411756186,-0.12659808212374038,1.44339894071397,-0.39402239856454374,-1.3701509252747788,0.008346389709521463,1.4321253477636082,0.023063119263750546
1.3800000000000001,3.327625722499776,1.958756170543594,-0.12798421603621485,1.4420138252687347,-0.3888351994202654,-1.361018184046058,0.008817691244247965,1.4299429179654433,0.023315626391398222
1.3900000000000001,3.3257590175457454,1.9583094999115696,-0.12937034994868932,1.4406287098234993,-0.383648000275987,-1.3518854428173372,0.009288992778974478,1.4277604881672783,0.0235681335190459
1.4000000000000001,3.323892312591715,1.957862829279545,-0.13075648386116379,1.439243594378264,-0.37846080113170866,-1.3427527015886165,0.009760294313700981,1.4255780583691133,0.02382064064669358
1.41,3.3220256076376846,1.9574161586475207,-0.13214261777363823,1.4378584789330289,-0.3732736019874305,-1.333619960359896,0.010231595848427474,1.4233956285709486,0.024073147774341254
1.42,3.3201589017310744,1.9569694877875603,-0.1335287359399677,1.4364731982460748,-0.3680864001961234,-1.3244872144707356,0.010702896142845201,1.4212131976590892,0.024325655030843368
1.43,3.318292196777044,1.9565228171555358,-0.13491472435712226,1.4350866278476406,-0.36289920105184503,-1.315354473242015,0.011174184582992913,1.4190307678609242,0.024578162158491047
1.44,3.3164254918230136,1.9560761465235115,-0.13630071277427686,1.4337000574492065,-0.3577120019075668,-1.3062217320132943,0.011645473023140628,1.4168483380627594,0.024830669286138723
1.45,3.314558786868983,1.9556294758914872,-0.13768670119143145,1.4323134870507725,-0.35252480276328846,-1.2970889907845737,0.012116761463288345,1.4146659082645947,0.025083176413786407
1.46,3.312692081914953,1.9551828052594626,-0.13907268960858604,1.4309269166523384,-0.3473376036190101,-1.287956249555853,0.012588049903436059,1.4124834784664297,0.025335683541434083
1.47,3.3108253769609224,1.9547361346274381,-0.14045867802574058,1.4295403462539045,-0.34215040447473194,-1.2788235083271324,0.013059338343583762,1.410301048668265,0.025588190669081756
1.48,3.308958672006892,1.9542894639954138,-0.14184466644289517,1.42815377585547,-0.3369632053304536,-1.2696907670984117,0.013530626783731478,1.4081186188701,0.025840697796729435
1.49,3.3070919669430303,1.9538427933371085,-0.14323068986233475,1.426767205375454,-0.3317760058809743,-1.2605580253323447,0.014001918743682267,1.405936188943527,0.026093204939233963
1.5,3.305225261988999,1.953396122705084,-0.14461682377480922,1.42538063497702,-0.3265888067366959,-1.2514252841036237,0.014473221733361973,1.4037537591453617,0.02634571206688164
1.51,3.3033585570349686,1.9529494520730595,-0.14600295768728366,1.4239940645785856,-0.3214016075924176,-1.2422925428749032,0.014944524723041669,1.4015713293471967,0.026598219194529316
1.52,3.3014918520809386,1.9525027814410352,-0.14738909159975816,1.4226074941801516,-0.3162144084481392,-1.2331598016461824,0.015415827712721375,1.3993888995490318,0.026850726322176995
1.53,3.299625147126908,1.9520561108090106,-0.1487752255122326,1.4212209237817177,-0.31102720930386085,-1.224027060417462,0.01588713070240108,1.397206469750867,0.02710323344982468
1.54,3.297758442172878,1.9516094401769863,-0.1501613594247071,1.4198343533832836,-0.3058400101595825,-1.2148943191887411,0.01635843369208079,1.395024039952702,0.027355740577472358
1.55,3.2958917372188474,1.951162769544962,-0.15154749333718157,1.4184477829848494,-0.30065281101530417,-1.2057615779600204,0.016829736681760497,1.3928416101545371,0.027608247705120038
1.56,3.294025031763635,1.9507160987930132,-0.15293357423379655,1.4170617460942954,-0.29546561047834186,-1.1966288342792977,0.017301034459176343,1.3906586458902699,0.027860754900562033
1.57,3.292158326809605,1.9502694281609887,-0.15431956265095118,1.4156766306490598,-0.2902784113340634,-1.1874960930505767,0.017772322899324067,1.388474761138906,0.02811326202820972
1.58,3.290291621855575,1.9498227575289646,-0.1557055510681058,1.4142915152038247,-0.28509121218978506,-1.1783633518218561,0.01824361133947179,1.3862908763875428,0.028365769155857402
1.59,3.288424916901544,1.94937608689694,-0.1570915394852604,1.4129063997585893,-0.2799040130455067,-1.1692306105931354,0.018714899779619508,1.384106991636179,0.02861827628350508
1.6,3.286558211947514,1.9489294162649156,-0.15847752790241498,1.411521284313354,-0.2747168139012284,-1.1600978693644146,0.019186188219767225,1.3819231068848152,0.02887078341115276
1.61,3.2846915069934832,1.9484827456328913,-0.1598635163195696,1.4101361688681184,-0.2695296147569499,-1.1509651281356936,0.01965747665991495,1.3797392221334515,0.029123290538800445
1.62,3.2828248020394533,1.9480360750008667,-0.1612495047367242,1.408751053422883,-0.2643424156126716,-1.1418323869069729,0.02012876510006267,1.377555337382088,0.029375797666448124
1.6300000000000001,3.2809580975866046,1.9475894044887667,-0.1626355646369774,1.4073652197973767,-0.25915521786107726,-1.1326996481302543,0.020600060599198153,1.375372171769218,0.029628304726301485
1.6400000000000001,3.279091392632574,1.947142733856742,-0.1640216985494518,1.4059786493989423,-0.25396801871679897,-1.1235669069015335,0.02107136358887785,1.373189741971053,0.029880811853949158
1.6500000000000001,3.277224687678544,1.9466960632247179,-0.1654078324619263,1.4045920790005084,-0.24878081957252063,-1.114434165672813,0.021542666578557558,1.3710073121728883,0.030133318981596838
1.6600000000000001,3.275357982724513,1.9462493925926934,-0.16679396637440078,1.4032055086020743,-0.24359362042824223,-1.105301424444092,0.02201396956823726,1.368824882374723,0.030385826109244517
1.67,3.273491277770483,1.945802721960669,-0.1681801002868752,1.4018189382036401,-0.238406421283964,-1.0961686832153714,0.02248527255791696,1.3666424525765584,0.030638333236892197
1.68,3.2716245728164526,1.9453560513286443,-0.16956623419934969,1.4004323678052062,-0.23321922213968563,-1.0870359419866507,0.022956575547596666,1.3644600227783934,0.030890840364539873
1.69,3.269757867862422,1.94490938069662,-0.17095236811182415,1.3990457974067718,-0.22803202299540726,-1.07790320075793,0.023427878537276372,1.3622775929802287,0.031143347492187553
1.7,3.2678911632537515,1.9444636133715103,-0.17233850176784943,1.3976592272648678,-0.22284482481081472,-1.0687704612188613,0.02389917240751736,1.3600951635858358,0.03139585457311879
1.71,3.2660244582997215,1.9440183976926848,-0.17372463568032379,1.3962726568664336,-0.21765762566653674,-1.059637719990141,0.024370460847665042,1.357912733787671,0.03164836170076645
1.72,3.2641577533456916,1.9435731820138593,-0.17511076959279817,1.3948860864679997,-0.21247042652225875,-1.0505049787614211,0.02484174928781273,1.3557303039895063,0.031900868828414114
1.73,3.2622910483916607,1.9431279663350338,-0.17649690350527253,1.3934995160695656,-0.2072832273779809,-1.0413722375327013,0.025313037727960404,1.3535478741913418,0.03215337595606177
1.74,3.2604243434376308,1.942682750656208,-0.1778830374177469,1.3921129456711316,-0.20209602823370293,-1.0322394963039812,0.025784326168108083,1.3513654443931769,0.032405883083709425
1.75,3.258557638483601,1.9422375349773826,-0.17926917133022124,1.3907263752726977,-0.19690882908942506,-1.0231067550752613,0.02625561460825576,1.349183014595012,0.03265839021135709
1.76,3.25669093352957,1.941792319298557,-0.1806553052426956,1.3893398048742636,-0.1917216299451471,-1.0139740138465412,0.02672690304840344,1.3470005847968474,0.03291089733900474
1.77,3.2548231178824625,1.9413460102725204,-0.1820413472781667,1.3879543054704864,-0.1865344762949904,-1.0048412699660672,0.027198208118640085,1.344818128367363,0.03316340754789611
1.78,3.252954928212773,1.9408993325243937,-0.18342735777610017,1.3865691679583798,-0.18134734000884453,-0.9957085287373472,0.02766951861685086,1.3426356637999683,0.03341591869834367
1.79,3.2510867385430826,1.9404526547762666,-0.1848133682740336,1.3851840304462733,-0.17616020372269864,-0.9865757875086273,0.02814082911506163,1.3404531992325734,0.03366842984879123
1.8,3.249218548873393,1.94000597702814,-0.18619937877196707,1.383798892934167,-0.17097306743655283,-0.9774430462799075,0.028612139613272403,1.338270734665179,0.033920940999238806
1.81,3.247350359203703,1.9395592992800132,-0.18758538926990054,1.3824137554220604,-0.16578593115040696,-0.9683103050511876,0.029083450111483177,1.3360882700977843,0.03417345214968637
1.82,3.2454821695340135,1.9391126215318863,-0.188971399767834,1.3810286179099538,-0.16059879486426099,-0.9591775638224678,0.02955476060969396,1.3339058055303896,0.034425963300133935
1.83,3.2436139798643238,1.9386659437837597,-0.19035741026576747,1.3796434803978475,-0.1554116585781151,-0.9500448225937479,0.030026071107904735,1.3317233409629947,0.0346784744505815
1.84,3.2417470874878935,1.9382192719086384,-0.1917435298131599,1.3782570883678582,-0.1502244632204496,-0.9409120741710877,0.03049736268193424,1.3295396323611284,0.034930982280963474
1.85,3.2398803825338627,1.937772601276614,-0.1931296637256342,1.376870517969424,-0.14503726407617185,-0.931779332942368,0.030968651122081903,1.3273557476097648,0.03518348940861112
1.86,3.2380136775798327,1.9373259306445898,-0.19451579763810856,1.3754839475709904,-0.139850064931894,-0.9226465917136483,0.03143993956222958,1.3251718628584015,0.035435996536258785
1.87,3.2361469726258028,1.9368792600125655,-0.19590193155058286,1.3740973771725564,-0.13466286578761627,-0.9135138504849285,0.03191122800237724,1.322987978107038,0.035688503663906426
1.8800000000000001,3.234280267671773,1.936432589380541,-0.19728806546305716,1.3727108067741225,-0.12947566664333848,-0.9043811092562088,0.032382516442524906,1.3208040933556746,0.03594101079155408
1.8900000000000001,3.232413562717742,1.9359859187485167,-0.1986741993755315,1.3713242363756883,-0.12428846749906075,-0.8952483680274891,0.032853804882672574,1.3186202086043113,0.03619351791920173
1.9000000000000001,3.2305468594200724,1.935539248512831,-0.20006033181328076,1.369937667207583,-0.1191012728840407,-0.8861156349024113,0.03332509292911613,1.316436328238588,0.036446024822795374
1.9100000000000001,3.228680154466042,1.9350925778808068,-0.20144632023043504,1.368551096809149,-0.11391403009116735,-0.8769828936736921,0.03379639591879575,1.3142538984404235,0.036698531950443
1.92,3.2268134495120124,1.9346459072487825,-0.2028323086475894,1.367164526410715,-0.1087267872982941,-0.8678501524449733,0.03426769890847536,1.3120714686422592,0.036951039078090636
1.93,3.224946744557982,1.934199236616758,-0.2042182970647437,1.3657779560122814,-0.10353954450542074,-0.8587174112162541,0.03473900189815497,1.3098890388440945,0.037203546205738264
1.94,3.2230800396039525,1.9337525659847337,-0.20560428548189805,1.3643913856138474,-0.0983523017125474,-0.8495846699875351,0.035210304887834595,1.30770660904593,0.0374560533333859
1.95,3.221213334649922,1.9333058953527094,-0.20699027389905236,1.3630048152154135,-0.09316505891967405,-0.8404519287588161,0.03568160787751421,1.3055241792477654,0.03770856046103353
1.96,3.219346629695892,1.932859224720685,-0.20837626231620673,1.3616182448169796,-0.0879778161268006,-0.8313191875300969,0.03615291086719384,1.303341749449601,0.03796106758868117
1.97,3.2174799258169484,1.9324125543459103,-0.20976226864707173,1.3602318623365044,-0.08279058193498459,-0.8221864515611742,0.036624213585437125,1.3011593209083576,0.03821357457090301
1.98,3.2156132208629185,1.931965883713886,-0.21114840255954598,1.358846746891269,-0.07760338279070697,-0.8130537103324548,0.03709551657511676,1.298976891110193,0.038466081698550654
1.99,3.2137465159088885,1.931519213081862,-0.2125345364720203,1.357461631446034,-0.07241618364642935,-0.8039209691037353,0.03756681956479641,1.2967944613120286,0.03871858882619831
2.0,3.211879810954858,1.9310725424498374,-0.21392067038449453,1.3560765160007988,-0.06722898450215181,-0.794788227875016,0.03803812255447604,1.2946120315138638,0.038971095953845944
2.0100000000000002,3.2100131060008277,1.930625871817813,-0.21530680429696886,1.3546914005555637,-0.06204178535787409,-0.7856554866462964,0.038509425544155686,1.2924296017156993,0.03922360308149359
2.02,3.208146401046798,1.9301792011857888,-0.2166929382094431,1.3533062851103286,-0.056854586213596556,-0.776522745417577,0.038980728533835315,1.2902471719175348,0.039476110209141234
2.0300000000000002,3.2062796960927678,1.9297325305537645,-0.2180790721219174,1.3519211696650935,-0.05166738706931883,-0.7673900041888574,0.039452031523514966,1.28806474211937,0.03972861733678888
2.04,3.2044129902262704,1.9292858597034024,-0.2194651695327001,1.350535681750301,-0.04648018910740387,-0.7582572584959494,0.039923331025647935,1.2858823112544089,0.0399811245878649
2.05,3.2025462852722413,1.928839189071378,-0.22085115794985455,1.3491491113518672,-0.041293004512658174,-0.74912451726723,0.04039461946579559,1.2836998814562444,0.04023363171551255
2.06,3.2006795803182104,1.9283925184393538,-0.22223714636700898,1.347762540953433,-0.03610581991791226,-0.73999177603851,0.040865907905943265,1.2815174516580794,0.040486138843160206
2.07,3.1988195373884447,1.9279474419160192,-0.2236181883739421,1.3463809190422351,-0.030937147702189215,-0.7308916283610808,0.04133551437968436,1.2793428106645883,0.04073774480610713
2.08,3.1969795549947033,1.9275071655365346,-0.22498433586285693,1.3450141979033146,-0.025824219541361552,-0.721889625644391,0.04180005615441594,1.2771916231426774,0.04098663720239222
2.09,3.1951600123014563,1.9270717800284856,-0.22633530731226242,1.343662659176374,-0.02076808905458232,-0.7129876229277018,0.042259437502191945,1.2750643323867377,0.04123276474285445
2.1,3.193360909308703,1.9266412853918722,-0.2276711027221586,1.3423263028614139,-0.01576875624185111,-0.7041856202110124,0.042713658423012404,1.2729609383967688,0.041476127427493834
2.11,3.1915822591973537,1.9262156847806606,-0.22899174954223028,1.3410051387490864,-0.010826257730173193,-0.6954836819811279,0.043162719312705634,1.270881084220754,0.041716723473343195
2.12,3.1898240844716863,1.925794983579741,-0.23029729362729892,1.3396991835553524,-0.005940656054256517,-0.6868819183388735,0.04360662074597558,1.2688241705315673,0.04195454983627346
2.13,3.1880863494465133,1.9253791732502568,-0.23158766007974046,1.3384084107735987,-0.0011118520523880591,-0.6783801546966193,0.0440453615929782,1.2667911695395293,0.042189611343380874
2.14,3.1863690541218337,1.924968253792208,-0.23286284889955497,1.337132820403825,0.003660154275432391,-0.6699783910543649,0.0444789418537135,1.2647820812446393,0.04242190799466544
2.15,3.1846721984976485,1.924562225205595,-0.23412286008674238,1.335872412446032,0.008375362929204516,-0.6616766274121109,0.04490736152818145,1.2627969056468977,0.04265143979012716
2.16,3.1829957825739568,1.924161087490417,-0.2353676936413028,1.3346271869002189,0.013033773908928736,-0.6534748637698564,0.0453306206163821,1.2608356427463046,0.04287820672976604
2.17,3.181339806350759,1.9237648406466743,-0.2365973495632361,1.333397143766386,0.01763538721460463,-0.6453731001276024,0.0457487191183154,1.2588982925428596,0.043102208813582066
2.18,3.179704269828055,1.923373484674367,-0.23781182785254243,1.3321822830445333,0.022180202846232625,-0.637371336485348,0.046161657033981396,1.2569848550365632,0.04332344604157525
2.19,3.178089122590441,1.9229870075099496,-0.2390110770228729,1.3309834565129384,0.026668360897728626,-0.6294693261887747,0.04656943819992546,1.2550961604720665,0.04354192523338189
2.2,3.176494394229775,1.9226054162342487,-0.2401951286490382,1.329800150667768,0.031099779139475623,-0.6216672140142634,0.04697206049968135,1.2532317079849282,0.0437576423861438
2.21,3.174920105569604,1.9222287158299831,-0.24136400423569415,1.3286320113034005,0.03547439970717448,-0.6139651018397522,0.04736952237248168,1.251391152263761,0.04397059468308284
2.22,3.173366256609926,1.921856906297153,-0.24251770378284074,1.327479038419836,0.0397922226008251,-0.6063629896652412,0.04776182381832644,1.249574493308565,0.04418078212419905
2.23,3.171832847350742,1.921489987635758,-0.24365622729047803,1.3263412320170742,0.04405324782042769,-0.59886087749073,0.048148964837215674,1.2477817311193395,0.0443882047094924
2.24,3.1703198777920516,1.921127959845799,-0.244779574758606,1.3252185920951156,0.048257475365982135,-0.5914587653162189,0.04853094542914933,1.2460128656960854,0.04459286243896291
2.25,3.1688273479338553,1.9207708229272749,-0.24588774618722467,1.3241111186539598,0.05240490523748855,-0.5841566531417076,0.04890776559412746,1.2442678970388024,0.04479475531261059
2.2600000000000002,3.167355257776153,1.9204185768801862,-0.24698074157633398,1.3230188116936072,0.05649553743494672,-0.5769545409671966,0.049279425332150024,1.24254682514749,0.04499388333043541
2.27,3.165903611278731,1.9200712226520424,-0.24805859667556726,1.321941287255363,0.06052936482390303,-0.5698524868553918,0.049645927512455654,1.2408496546516732,0.0451902459568014
2.2800000000000002,3.164472412266289,1.9197287611580287,-0.24912134281676238,1.320878206461242,0.06450638019347257,-0.5628505436900011,0.050007274586579026,1.2391763900229413,0.04538384267434566
2.29,3.163061653279975,1.9193911906133687,-0.250168911083529,1.319830308320979,0.06842659682481134,-0.5559486005246106,0.05036346099221954,1.2375270225408905,0.04557467449201896
2.3000000000000003,3.1616713343197884,1.9190585110180631,-0.2512013014758671,1.318797592834574,0.07229001471791908,-0.5491466573592207,0.05071448672937717,1.2359015522055203,0.045762741409821284
2.31,3.1603014553857296,1.9187307223721115,-0.2522185139937767,1.3177800600020269,0.07609663387279604,-0.5424447141938311,0.05106035179805195,1.234299979016831,0.045948043427752654
2.32,3.158952016477798,1.9184078246755134,-0.25322054863725785,1.316777709823337,0.07984645428944241,-0.5358427710284412,0.05140105619824388,1.2327223029748224,0.046130580545813066
2.33,3.157623017595994,1.9180898179282697,-0.2542074054063106,1.3157905422985052,0.0835394759678584,-0.529340827863051,0.051736599929952984,1.231168524079494,0.04631035276400253
2.34,3.156314458740318,1.91777670213038,-0.25517908430093483,1.3148185574275313,0.08717569890804339,-0.5229388846976614,0.0520669829931792,1.2296386423308467,0.04648736008232103
2.35,3.155026339910769,1.9174684772818442,-0.2561355853211307,1.3138617552104153,0.09075512310999798,-0.5166369415322712,0.0523922053879226,1.2281326577288798,0.04666160250076858
2.36,3.153758661107348,1.9171651433826622,-0.2570769084668979,1.312920135647157,0.09427774857372159,-0.5104349983668818,0.05271226711418311,1.226650570273594,0.04683308001934517
2.37,3.152511461240607,1.9168667097434655,-0.25800302484495224,1.3119937276401392,0.09774346717458161,-0.5043331630610207,0.053027150097383166,1.2251916004069763,0.047001787374663026
2.38,3.1512847079768465,1.9165731686273513,-0.25891395846489346,1.3110825071722016,0.10115236876145509,-0.4983313468204718,0.05333686944048315,1.2237564042659752,0.04716772894046632
2.39,3.15007839441358,1.9162845183826724,-0.25980971445220774,1.3101864691162444,0.10450447251496905,-0.49242953057992234,0.053641428356627614,1.2223451208221225,0.047330905650446786
2.4,3.148892520550808,1.9160007590094295,-0.26069029280689476,1.3093056134722678,0.10779977843512244,-0.486627714339374,0.05394082684581647,1.2209577500754183,0.04749131750460437
2.41,3.1477270863885285,1.9157218905076212,-0.2615556935289547,1.3084399402402709,0.1110382865219161,-0.48092589809882547,0.054235064908049774,1.219594292025862,0.047648964502939116
2.42,3.1465820919267435,1.9154479128772488,-0.26240591661838775,1.3075894494202545,0.11421999677535002,-0.4753240818582766,0.05452414254332755,1.2182547466734543,0.04780384664545102
2.43,3.1454575371654525,1.9151788261183116,-0.2632409620751937,1.3067541410122183,0.11734490919542423,-0.4698222656177275,0.05480805975164978,1.2169391140181949,0.0479559639321401
2.44,3.144353422104655,1.91491463023081,-0.26406082989937263,1.3059340150161622,0.12041302378213847,-0.46442044937717847,0.05508681653301647,1.2156473940600836,0.04810531636300632
2.45,3.143269746744352,1.9146553252147436,-0.2648655200909245,1.3051290714320867,0.12342434053549299,-0.4591186331366292,0.0553604128874276,1.2143795867991205,0.048251903938049706
2.46,3.142206511084542,1.9144009110701126,-0.2656550326498493,1.3043393102599912,0.12637885945548735,-0.4539168168960804,0.05562884881488317,1.213135692235306,0.04839572665727024
2.47,3.1411637151252267,1.914151387796917,-0.266429367576147,1.3035647314998762,0.1292765805421218,-0.4488150006555316,0.05589212431538318,1.2119157103686398,0.04853678452066792
2.48,3.1401413324142706,1.9139067490656128,-0.2671884978504798,1.3028057821187728,0.13211757730057824,-0.44381305499951473,0.056150250733472545,1.2107200768678146,0.04867508110639385
2.49,3.1391393708736817,1.9136669967718007,-0.26793243281818474,1.3020623157223263,0.134901827717187,-0.43891101868596916,0.056403224546288676,1.2095486487221527,0.04881061534284692
2.5,3.138157849033586,1.913432135349424,-0.2686611917463803,1.3013340158066826,0.13762928030043578,-0.4341089823724235,0.056651037772837476,1.2084011173424622,0.048943384723477125
2.5100000000000002,3.1371967668939846,1.913202164798483,-0.26937477463506665,1.300620882371842,0.1402999350503251,-0.4294069460588773,0.056893690413118994,1.2072774827287425,0.04907338924828451
2.52,3.1362561244548766,1.9129770851189767,-0.27007318148424364,1.2999229154178038,0.14291379196685444,-0.42480490974533114,0.05713118246713317,1.2061777448809936,0.04920062891726904
2.5300000000000002,3.135335921716263,1.9127568963109063,-0.27075641229391134,1.2992401149445691,0.14547085105002389,-0.4203028734317851,0.057363513934880025,1.205101903799216,0.04932510373043074
2.54,3.1344361586781426,1.912541598374271,-0.27142446706406975,1.2985724809521368,0.14797111229983362,-0.41590083711823866,0.05759068481635956,1.204049959483409,0.049446813687769584
2.5500000000000003,3.1335568353405163,1.9123311913090713,-0.27207734579471876,1.2979200134405078,0.15041457571628317,-0.4115988008046927,0.05781269511157175,1.2030219119335732,0.04956575878928558
2.56,3.132697951703384,1.9121256751153068,-0.2727150484858585,1.2972827124096815,0.15280124129937303,-0.4073967644911465,0.05802954482051663,1.2020177611497085,0.04968193903497874
2.57,3.1318595077667455,1.9119250497929783,-0.27333757513748885,1.2966605778596585,0.15513110904910274,-0.40329472817760065,0.05824123394319417,1.2010375071318147,0.04979535442484904
2.58,3.131041503530601,1.9117293153420845,-0.27394492574961,1.296053609790438,0.15740417896547296,-0.39929269186405425,0.05844776247960441,1.200081149879892,0.04990600495889651
2.59,3.1302439389949503,1.9115384717626265,-0.2745371003222218,1.2954618082020206,0.15962045104848302,-0.39539065555050823,0.05864913042974731,1.19914868939394,0.050013890637121125
2.6,3.129466814159793,1.9113525190546037,-0.27511409885532423,1.2948851730944062,0.16177992529813337,-0.3915886192369619,0.05884533779362289,1.1982401256739594,0.050119011459522904
2.61,3.12871012902513,1.9111714572180163,-0.27567592134891733,1.2943237044675946,0.1638826017144236,-0.3878865829234161,0.05903638457123113,1.1973554587199498,0.05022136742610182
2.62,3.127973883590961,1.9109952862528643,-0.2762225678030011,1.2937774023215862,0.1659284802973541,-0.38428454660986994,0.05922227076257206,1.196494688531911,0.05032095853685791
2.63,3.127258089763962,1.9108240090082123,-0.2767540801885215,1.2932457673772846,0.1679175279606559,-0.38078256854901904,0.05940298828032527,1.1956578290303534,0.05041778318118811
2.64,3.126562736786837,1.9106576229100227,-0.27727041906717076,1.292729265906357,0.16984977459670103,-0.3773805961114405,0.05957854458301453,1.1948448676385472,0.050511842814220095
2.65,3.125887823510206,1.9104961276832684,-0.277771580313193,1.2922279468474096,0.17172522339938662,-0.3740786236738612,0.05974894045874826,1.1940558030127117,0.05060313759142925
2.66,3.125233349934069,1.9103395233279494,-0.2782575639265881,1.2917418102004425,0.17354387436871205,-0.37087665123628244,0.059914175907526415,1.1932906351528474,0.05069166751281554
2.67,3.1245993160584256,1.9101878098440659,-0.2787283699073563,1.2912708559654555,0.17530572750467774,-0.36777467879870346,0.06007425092934904,1.1925493640589542,0.05077743257837901
2.68,3.123985721883276,1.9100409872316177,-0.27918399825549733,1.2908150841424488,0.1770107828072835,-0.3647727063611246,0.06022916552421611,1.1918319897310319,0.05086043278811962
2.69,3.1233925674086205,1.9098990554906052,-0.27962444897101135,1.2903744947314226,0.1786590402765293,-0.36187073392354585,0.060378919692127615,1.1911385121690807,0.05094066814203738
2.7,3.122819852634458,1.9097620146210277,-0.2800497220538982,1.2899490877323765,0.1802504999124151,-0.3590687614859671,0.060523513433083556,1.1904689313731003,0.051018138640132285
2.71,3.1222675775607907,1.909629864622886,-0.28045981750415816,1.2895388631453106,0.18178516171494125,-0.3563667890483883,0.06066294674708397,1.189823247343091,0.051092844282404376
2.72,3.1217357421876164,1.9095026054961792,-0.28085473532179095,1.2891438209702248,0.18326302568410735,-0.35376481661080944,0.06079721963412882,1.1892014600790528,0.051164785068853594
2.73,3.121224346514936,1.9093802372409083,-0.28123447550679675,1.2887639612071196,0.18468409181991358,-0.3512628441732308,0.060926332094218105,1.1886035695809856,0.05123396099947998
2.74,3.1207333905427497,1.9092627598570726,-0.28159903805917547,1.2883992838559943,0.1860483601223598,-0.34886087173565217,0.06105028412735185,1.1880295758488892,0.05130037207428351
2.75,3.1202628742710576,1.9091501733446723,-0.28194842297892714,1.2880497889168494,0.18735583059144634,-0.3465588992980734,0.06116907573353004,1.187479478882764,0.0513640182932642
2.7600000000000002,3.1198127976998586,1.9090424777037074,-0.2822826302660517,1.2877154763896848,0.18860650322717293,-0.3443569268604947,0.06128270691275268,1.1869532786826098,0.05142489965642204
2.77,3.1193831608291545,1.9089396729341779,-0.28260165992054936,1.2873963462745004,0.18980037802953975,-0.34225495442291565,0.06139117766501978,1.1864509752484265,0.05148301616375705
2.7800000000000002,3.118973963658943,1.9088417590360838,-0.28290551194241986,1.287092398571296,0.19093745499854664,-0.3402529819853368,0.06149448799033132,1.1859725685802143,0.05153836781526921
2.79,3.118585206189226,1.908748736009425,-0.2831941863316634,1.2868036332800723,0.19201773413419354,-0.3383510095477581,0.0615926378886873,1.1855180586779732,0.051590954610958514
2.8000000000000003,3.118216888420003,1.908660603854202,-0.28346768308827974,1.2865300504008286,0.19304121543648053,-0.33654903711017947,0.06168562736008773,1.1850874455417029,0.05164077655082498
2.81,3.117869010351274,1.9085773625704139,-0.2837260022122692,1.2862716499335651,0.19400789890540773,-0.3348470646726005,0.06177345640453262,1.1846807291714037,0.0516878336348686
2.82,3.1175415719830384,1.9084990121580614,-0.28396914370363147,1.286028431878282,0.19491778454097503,-0.33324509223502174,0.061856125022021945,1.1842979095670754,0.051732125863089375
2.83,3.117234573315297,1.9084255526171443,-0.2841971075623668,1.2858003962349789,0.19577087234318258,-0.33174311979744275,0.06193363321255574,1.183938986728718,0.05177365323548731
2.84,3.1169480143480492,1.9083569839476626,-0.284409893788475,1.2855875430036563,0.19656716231202997,-0.3303411473598642,0.06200598097613395,1.183603960656332,0.051812415752062385
2.85,3.116681895081295,1.9082933061496163,-0.2846075023819562,1.2853898721843138,0.19730665444751783,-0.329039174922285,0.062073168312756645,1.1832928313499167,0.05184841341281463
2.86,3.1164362155150354,1.9082345192230055,-0.28478993334281033,1.2852073837769518,0.19798934874964552,-0.32783720248470627,0.06213519522242376,1.1830055988094725,0.05188164621774403
2.87,3.116210975649269,1.90818062316783,-0.28495718667103737,1.2850400777815696,0.19861524521841328,-0.3267352300471277,0.06219206170513532,1.1827422630349993,0.05191211416685056
2.88,3.116006175483997,1.9081316179840897,-0.2851092623666374,1.284887954198168,0.19918434385382128,-0.32573325760954885,0.062243767760891335,1.1825028240264972,0.05193981726013427
2.89,3.1158218150192187,1.908087503671785,-0.2852461604296104,1.2847510130267465,0.19969664465586956,-0.3248312851719698,0.062290313389691813,1.182287281783966,0.05196475549759513
2.9,3.1156578942549342,1.9080482802309155,-0.2853678808599563,1.2846292542673052,0.20015214762455769,-0.32402931273439123,0.06233169859153673,1.182095636307406,0.05198692887923314
2.91,3.1155144131911436,1.9080139476614817,-0.28547442365767517,1.2845226779198442,0.20055085275988602,-0.3233273402968123,0.06236792336642609,1.1819278875968167,0.05200633740504831
2.92,3.115391371827847,1.9079845059634832,-0.28556578882276695,1.2844312839843637,0.20089276006185447,-0.32272536785923356,0.0623989877143599,1.1817840356521985,0.05202298107504063
2.93,3.1152887701650442,1.9079599551369202,-0.2856419763552317,1.284355072460863,0.20117786953046293,-0.3222233954216549,0.062424891635338146,1.1816640804735514,0.0520368598892101
2.94,3.115206608202735,1.9079402951817925,-0.28570298625506946,1.2842940433493428,0.20140618116571166,-0.321821422984076,0.062445635129360855,1.181568022060875,0.05204797384755673
2.95,3.11514488594092,1.9079255260981,-0.2857488185222801,1.2842481966498027,0.20157769496760045,-0.3215194505464972,0.06246121819642801,1.18149586041417,0.052056322950080516
2.96,3.1151036033795987,1.9079156478858432,-0.28577947315686375,1.284217532362243,0.20169241093612947,-0.3213174781089182,0.062471640836539624,1.1814475955334358,0.05206190719678147
2.97,3.115082760518771,1.9079106605450216,-0.2857949501588202,1.2842020504866636,0.20175032907129817,-0.32121550567134,0.062476903049695644,1.1814232274186727,0.052064726587659545
2.98,3.11508,1.90791,-0.285797,1.2842,0.2017579999999999,-0.3212020000000001,0.062477599999999994,1.18142,0.052065099999999996
